FEMALE,1880,Mary
FEMALE,1880,Anna
FEMALE,1880,Emma
FEMALE,1880,Elizabeth
FEMALE,1880,Margaret
FEMALE,1880,Minnie
FEMALE,1880,Ida
FEMALE,1880,Bertha
FEMALE,1880,Clara
FEMALE,1880,Alice
FEMALE,1880,Annie
FEMALE,1880,Florence
FEMALE,1880,Bessie
FEMALE,1880,Grace
FEMALE,1880,Ethel
FEMALE,1880,Sarah
FEMALE,1880,Ella
FEMALE,1880,Martha
FEMALE,1880,Nellie
FEMALE,1880,Mabel
FEMALE,1880,Laura
FEMALE,1880,Carrie
FEMALE,1880,Cora
FEMALE,1880,Helen
FEMALE,1880,Maude
FEMALE,1880,Lillian
FEMALE,1880,Gertrude
FEMALE,1880,Rose
FEMALE,1880,Edna
FEMALE,1880,Pearl
FEMALE,1880,Edith
FEMALE,1880,Jennie
FEMALE,1880,Hattie
FEMALE,1880,Mattie
FEMALE,1880,Eva
FEMALE,1880,Julia
FEMALE,1880,Myrtle
FEMALE,1880,Louise
FEMALE,1880,Lillie
FEMALE,1880,Jessie
FEMALE,1880,Frances
FEMALE,1880,Catherine
FEMALE,1880,Lula
FEMALE,1880,Lena
FEMALE,1880,Marie
FEMALE,1880,Ada
FEMALE,1880,Josephine
FEMALE,1880,Fannie
FEMALE,1880,Lucy
FEMALE,1880,Dora
FEMALE,1880,Agnes
FEMALE,1880,Maggie
FEMALE,1880,Blanche
FEMALE,1880,Katherine
FEMALE,1880,Elsie
FEMALE,1880,Nora
FEMALE,1880,Mamie
FEMALE,1880,Rosa
FEMALE,1880,Stella
FEMALE,1880,Daisy
FEMALE,1880,May
FEMALE,1880,Effie
FEMALE,1880,Mae
FEMALE,1880,Ellen
FEMALE,1880,Nettie
FEMALE,1880,Ruth
FEMALE,1880,Alma
FEMALE,1880,Della
FEMALE,1880,Lizzie
FEMALE,1880,Sadie
FEMALE,1880,Sallie
FEMALE,1880,Nancy
FEMALE,1880,Susie
FEMALE,1880,Maud
FEMALE,1880,Flora
FEMALE,1880,Irene
FEMALE,1880,Etta
FEMALE,1880,Katie
FEMALE,1880,Lydia
FEMALE,1880,Lottie
FEMALE,1880,Viola
FEMALE,1880,Caroline
FEMALE,1880,Addie
FEMALE,1880,Hazel
FEMALE,1880,Georgia
FEMALE,1880,Esther
FEMALE,1880,Mollie
FEMALE,1880,Olive
FEMALE,1880,Willie
FEMALE,1880,Harriet
FEMALE,1880,Emily
FEMALE,1880,Charlotte
FEMALE,1880,Amanda
FEMALE,1880,Kathryn
FEMALE,1880,Lulu
FEMALE,1880,Susan
FEMALE,1880,Kate
FEMALE,1880,Nannie
FEMALE,1880,Jane
FEMALE,1880,Amelia
FEMALE,1880,Virginia
FEMALE,1880,Mildred
FEMALE,1880,Beulah
FEMALE,1880,Eliza
FEMALE,1880,Rebecca
FEMALE,1880,Ollie
FEMALE,1880,Belle
FEMALE,1880,Ruby
FEMALE,1880,Pauline
FEMALE,1880,Matilda
FEMALE,1880,Theresa
FEMALE,1880,Hannah
FEMALE,1880,Henrietta
FEMALE,1880,Ora
FEMALE,1880,Estella
FEMALE,1880,Leona
FEMALE,1880,Augusta
FEMALE,1880,Eleanor
FEMALE,1880,Rachel
FEMALE,1880,Amy
FEMALE,1880,Sara
FEMALE,1880,Anne
FEMALE,1880,Marion
FEMALE,1880,Iva
FEMALE,1880,Ann
FEMALE,1880,Nina
FEMALE,1880,Dorothy
FEMALE,1880,Lola
FEMALE,1880,Lela
FEMALE,1880,Beatrice
FEMALE,1880,Josie
FEMALE,1880,Sophia
FEMALE,1880,Estelle
FEMALE,1880,Mayme
FEMALE,1880,Barbara
FEMALE,1880,Evelyn
FEMALE,1880,Maria
FEMALE,1880,Inez
FEMALE,1880,Allie
FEMALE,1880,Essie
FEMALE,1880,Delia
FEMALE,1880,Mable
FEMALE,1880,Millie
FEMALE,1880,Alta
FEMALE,1880,Betty
FEMALE,1880,Callie
FEMALE,1880,Janie
FEMALE,1880,Rosie
FEMALE,1880,Victoria
FEMALE,1880,Ola
FEMALE,1880,Gladys
FEMALE,1880,Louisa
FEMALE,1880,Ina
FEMALE,1880,Eula
FEMALE,1880,Luella
FEMALE,1880,Vera
FEMALE,1880,Lou
FEMALE,1880,Celia
FEMALE,1880,Nell
FEMALE,1880,Goldie
FEMALE,1880,Winifred
FEMALE,1880,Bettie
FEMALE,1880,Hilda
FEMALE,1880,Sophie
FEMALE,1880,Christine
FEMALE,1880,Marguerite
FEMALE,1880,Tillie
FEMALE,1880,Birdie
FEMALE,1880,Rena
FEMALE,1880,Eunice
FEMALE,1880,Bertie
FEMALE,1880,Olga
FEMALE,1880,Sylvia
FEMALE,1880,Lucille
FEMALE,1880,Bess
FEMALE,1880,Isabelle
FEMALE,1880,Genevieve
FEMALE,1880,Leila
FEMALE,1880,Mathilda
FEMALE,1880,Dollie
FEMALE,1880,Isabel
FEMALE,1880,Verna
FEMALE,1880,Bernice
FEMALE,1880,Loretta
FEMALE,1880,Rhoda
FEMALE,1880,Cornelia
FEMALE,1880,Sally
FEMALE,1880,Jean
FEMALE,1880,Alberta
FEMALE,1880,Winnie
FEMALE,1880,Lelia
FEMALE,1880,Lois
FEMALE,1880,Myra
FEMALE,1880,Harriett
FEMALE,1880,Roxie
FEMALE,1880,Adeline
FEMALE,1880,Abbie
FEMALE,1880,Flossie
FEMALE,1880,Sue
FEMALE,1880,Christina
FEMALE,1890,Mary
FEMALE,1890,Anna
FEMALE,1890,Margaret
FEMALE,1890,Helen
FEMALE,1890,Elizabeth
FEMALE,1890,Ruth
FEMALE,1890,Florence
FEMALE,1890,Ethel
FEMALE,1890,Emma
FEMALE,1890,Marie
FEMALE,1890,Clara
FEMALE,1890,Bertha
FEMALE,1890,Minnie
FEMALE,1890,Bessie
FEMALE,1890,Alice
FEMALE,1890,Lillian
FEMALE,1890,Edna
FEMALE,1890,Grace
FEMALE,1890,Annie
FEMALE,1890,Mabel
FEMALE,1890,Ida
FEMALE,1890,Rose
FEMALE,1890,Hazel
FEMALE,1890,Gertrude
FEMALE,1890,Martha
FEMALE,1890,Pearl
FEMALE,1890,Frances
FEMALE,1890,Myrtle
FEMALE,1890,Edith
FEMALE,1890,Nellie
FEMALE,1890,Sarah
FEMALE,1890,Ella
FEMALE,1890,Eva
FEMALE,1890,Laura
FEMALE,1890,Elsie
FEMALE,1890,Louise
FEMALE,1890,Esther
FEMALE,1890,Catherine
FEMALE,1890,Agnes
FEMALE,1890,Carrie
FEMALE,1890,Lillie
FEMALE,1890,Mildred
FEMALE,1890,Gladys
FEMALE,1890,Irene
FEMALE,1890,Julia
FEMALE,1890,Hattie
FEMALE,1890,Cora
FEMALE,1890,Lena
FEMALE,1890,Josephine
FEMALE,1890,Mattie
FEMALE,1890,Jennie
FEMALE,1890,Jessie
FEMALE,1890,Maude
FEMALE,1890,Alma
FEMALE,1890,Mae
FEMALE,1890,Blanche
FEMALE,1890,Dorothy
FEMALE,1890,Ada
FEMALE,1890,Lucy
FEMALE,1890,Lula
FEMALE,1890,Mamie
FEMALE,1890,Fannie
FEMALE,1890,Stella
FEMALE,1890,Katherine
FEMALE,1890,Viola
FEMALE,1890,Ruby
FEMALE,1890,Dora
FEMALE,1890,Maggie
FEMALE,1890,Nora
FEMALE,1890,Rosa
FEMALE,1890,Beatrice
FEMALE,1890,Ellen
FEMALE,1890,Sadie
FEMALE,1890,Marion
FEMALE,1890,Willie
FEMALE,1890,Effie
FEMALE,1890,May
FEMALE,1890,Beulah
FEMALE,1890,Pauline
FEMALE,1890,Nettie
FEMALE,1890,Susie
FEMALE,1890,Della
FEMALE,1890,Marguerite
FEMALE,1890,Vera
FEMALE,1890,Daisy
FEMALE,1890,Lydia
FEMALE,1890,Virginia
FEMALE,1890,Olive
FEMALE,1890,Kathryn
FEMALE,1890,Evelyn
FEMALE,1890,Sallie
FEMALE,1890,Lizzie
FEMALE,1890,Lottie
FEMALE,1890,Emily
FEMALE,1890,Georgia
FEMALE,1890,Flora
FEMALE,1890,Nancy
FEMALE,1890,Katie
FEMALE,1890,Lucille
FEMALE,1890,Leona
FEMALE,1890,Charlotte
FEMALE,1890,Eleanor
FEMALE,1890,Hilda
FEMALE,1890,Theresa
FEMALE,1890,Ann
FEMALE,1890,Etta
FEMALE,1890,Addie
FEMALE,1890,Caroline
FEMALE,1890,Ollie
FEMALE,1890,Anne
FEMALE,1890,Lola
FEMALE,1890,Harriet
FEMALE,1890,Iva
FEMALE,1890,Bernice
FEMALE,1890,Henrietta
FEMALE,1890,Lela
FEMALE,1890,Jane
FEMALE,1890,Ora
FEMALE,1890,Amanda
FEMALE,1890,Amelia
FEMALE,1890,Inez
FEMALE,1890,Rebecca
FEMALE,1890,Susan
FEMALE,1890,Mollie
FEMALE,1890,Nannie
FEMALE,1890,Goldie
FEMALE,1890,Estelle
FEMALE,1890,Loretta
FEMALE,1890,Nina
FEMALE,1890,Maud
FEMALE,1890,Rachel
FEMALE,1890,Eula
FEMALE,1890,Matilda
FEMALE,1890,Eunice
FEMALE,1890,Lois
FEMALE,1890,Betty
FEMALE,1890,Mable
FEMALE,1890,Estella
FEMALE,1890,Marjorie
FEMALE,1890,Sara
FEMALE,1890,Violet
FEMALE,1890,Essie
FEMALE,1890,Amy
FEMALE,1890,Verna
FEMALE,1890,Sylvia
FEMALE,1890,Hannah
FEMALE,1890,Kate
FEMALE,1890,Olga
FEMALE,1890,Rosie
FEMALE,1890,Genevieve
FEMALE,1890,Flossie
FEMALE,1890,Maria
FEMALE,1890,Alta
FEMALE,1890,Barbara
FEMALE,1890,Frieda
FEMALE,1890,Eliza
FEMALE,1890,Lulu
FEMALE,1890,Ola
FEMALE,1890,Augusta
FEMALE,1890,Christine
FEMALE,1890,Sophia
FEMALE,1890,Belle
FEMALE,1890,Victoria
FEMALE,1890,Sophie
FEMALE,1890,Lucile
FEMALE,1890,Irma
FEMALE,1890,Ina
FEMALE,1890,Jean
FEMALE,1890,Thelma
FEMALE,1890,Celia
FEMALE,1890,Doris
FEMALE,1890,Allie
FEMALE,1890,Josie
FEMALE,1890,Alberta
FEMALE,1890,Winifred
FEMALE,1890,Freda
FEMALE,1890,Janie
FEMALE,1890,Madeline
FEMALE,1890,Marian
FEMALE,1890,Luella
FEMALE,1890,Nell
FEMALE,1890,Callie
FEMALE,1890,Winnie
FEMALE,1890,Velma
FEMALE,1890,Mayme
FEMALE,1890,Naomi
FEMALE,1890,Selma
FEMALE,1890,Isabel
FEMALE,1890,Tillie
FEMALE,1890,Vivian
FEMALE,1890,Millie
FEMALE,1890,Rena
FEMALE,1890,Kathleen
FEMALE,1890,Fern
FEMALE,1890,Elva
FEMALE,1890,Erma
FEMALE,1890,Isabelle
FEMALE,1890,Norma
FEMALE,1890,Delia
FEMALE,1890,Virgie
FEMALE,1900,Mary
FEMALE,1900,Helen
FEMALE,1900,Margaret
FEMALE,1900,Anna
FEMALE,1900,Ruth
FEMALE,1900,Elizabeth
FEMALE,1900,Dorothy
FEMALE,1900,Marie
FEMALE,1900,Florence
FEMALE,1900,Mildred
FEMALE,1900,Alice
FEMALE,1900,Ethel
FEMALE,1900,Lillian
FEMALE,1900,Gladys
FEMALE,1900,Edna
FEMALE,1900,Frances
FEMALE,1900,Rose
FEMALE,1900,Annie
FEMALE,1900,Grace
FEMALE,1900,Bertha
FEMALE,1900,Emma
FEMALE,1900,Bessie
FEMALE,1900,Clara
FEMALE,1900,Hazel
FEMALE,1900,Irene
FEMALE,1900,Gertrude
FEMALE,1900,Louise
FEMALE,1900,Catherine
FEMALE,1900,Martha
FEMALE,1900,Mabel
FEMALE,1900,Pearl
FEMALE,1900,Edith
FEMALE,1900,Esther
FEMALE,1900,Minnie
FEMALE,1900,Myrtle
FEMALE,1900,Ida
FEMALE,1900,Josephine
FEMALE,1900,Evelyn
FEMALE,1900,Elsie
FEMALE,1900,Eva
FEMALE,1900,Thelma
FEMALE,1900,Ruby
FEMALE,1900,Agnes
FEMALE,1900,Sarah
FEMALE,1900,Viola
FEMALE,1900,Nellie
FEMALE,1900,Beatrice
FEMALE,1900,Julia
FEMALE,1900,Laura
FEMALE,1900,Lillie
FEMALE,1900,Lucille
FEMALE,1900,Ella
FEMALE,1900,Virginia
FEMALE,1900,Mattie
FEMALE,1900,Pauline
FEMALE,1900,Carrie
FEMALE,1900,Alma
FEMALE,1900,Jessie
FEMALE,1900,Mae
FEMALE,1900,Lena
FEMALE,1900,Willie
FEMALE,1900,Katherine
FEMALE,1900,Blanche
FEMALE,1900,Hattie
FEMALE,1900,Marion
FEMALE,1900,Lucy
FEMALE,1900,Stella
FEMALE,1900,Mamie
FEMALE,1900,Vera
FEMALE,1900,Cora
FEMALE,1900,Fannie
FEMALE,1900,Eleanor
FEMALE,1900,Bernice
FEMALE,1900,Jennie
FEMALE,1900,Ann
FEMALE,1900,Leona
FEMALE,1900,Beulah
FEMALE,1900,Lula
FEMALE,1900,Rosa
FEMALE,1900,Ada
FEMALE,1900,Ellen
FEMALE,1900,Kathryn
FEMALE,1900,Maggie
FEMALE,1900,Doris
FEMALE,1900,Dora
FEMALE,1900,Betty
FEMALE,1900,Marguerite
FEMALE,1900,Violet
FEMALE,1900,Lois
FEMALE,1900,Daisy
FEMALE,1900,Anne
FEMALE,1900,Sadie
FEMALE,1900,Susie
FEMALE,1900,Nora
FEMALE,1900,Georgia
FEMALE,1900,Maude
FEMALE,1900,Marjorie
FEMALE,1900,Opal
FEMALE,1900,Hilda
FEMALE,1900,Velma
FEMALE,1900,Emily
FEMALE,1900,Theresa
FEMALE,1900,Charlotte
FEMALE,1900,Inez
FEMALE,1900,Olive
FEMALE,1900,Flora
FEMALE,1900,Della
FEMALE,1900,Lola
FEMALE,1900,Jean
FEMALE,1900,Effie
FEMALE,1900,Nancy
FEMALE,1900,Nettie
FEMALE,1900,Sylvia
FEMALE,1900,May
FEMALE,1900,Lottie
FEMALE,1900,Alberta
FEMALE,1900,Eunice
FEMALE,1900,Sallie
FEMALE,1900,Katie
FEMALE,1900,Genevieve
FEMALE,1900,Estelle
FEMALE,1900,Lydia
FEMALE,1900,Loretta
FEMALE,1900,Mable
FEMALE,1900,Goldie
FEMALE,1900,Eula
FEMALE,1900,Rosie
FEMALE,1900,Lizzie
FEMALE,1900,Vivian
FEMALE,1900,Verna
FEMALE,1900,Ollie
FEMALE,1900,Harriet
FEMALE,1900,Lucile
FEMALE,1900,Addie
FEMALE,1900,Marian
FEMALE,1900,Henrietta
FEMALE,1900,Jane
FEMALE,1900,Lela
FEMALE,1900,Essie
FEMALE,1900,Caroline
FEMALE,1900,Ora
FEMALE,1900,Iva
FEMALE,1900,Sara
FEMALE,1900,Maria
FEMALE,1900,Madeline
FEMALE,1900,Rebecca
FEMALE,1900,Wilma
FEMALE,1900,Etta
FEMALE,1900,Barbara
FEMALE,1900,Rachel
FEMALE,1900,Kathleen
FEMALE,1900,Irma
FEMALE,1900,Christine
FEMALE,1900,Geneva
FEMALE,1900,Sophie
FEMALE,1900,Juanita
FEMALE,1900,Nina
FEMALE,1900,Naomi
FEMALE,1900,Victoria
FEMALE,1900,Amelia
FEMALE,1900,Erma
FEMALE,1900,Mollie
FEMALE,1900,Susan
FEMALE,1900,Flossie
FEMALE,1900,Ola
FEMALE,1900,Nannie
FEMALE,1900,Norma
FEMALE,1900,Sally
FEMALE,1900,Olga
FEMALE,1900,Alta
FEMALE,1900,Estella
FEMALE,1900,Celia
FEMALE,1900,Freda
FEMALE,1900,Isabel
FEMALE,1900,Amanda
FEMALE,1900,Frieda
FEMALE,1900,Luella
FEMALE,1900,Matilda
FEMALE,1900,Janie
FEMALE,1900,Fern
FEMALE,1900,Cecelia
FEMALE,1900,Audrey
FEMALE,1900,Winifred
FEMALE,1900,Elva
FEMALE,1900,Ina
FEMALE,1900,Adeline
FEMALE,1900,Leola
FEMALE,1900,Hannah
FEMALE,1900,Geraldine
FEMALE,1900,Amy
FEMALE,1900,Allie
FEMALE,1900,Miriam
FEMALE,1900,Isabelle
FEMALE,1900,Bonnie
FEMALE,1900,Virgie
FEMALE,1900,Sophia
FEMALE,1900,Cleo
FEMALE,1900,Jeanette
FEMALE,1900,Nell
FEMALE,1900,Eliza
FEMALE,1910,Mary
FEMALE,1910,Helen
FEMALE,1910,Dorothy
FEMALE,1910,Margaret
FEMALE,1910,Ruth
FEMALE,1910,Mildred
FEMALE,1910,Anna
FEMALE,1910,Elizabeth
FEMALE,1910,Frances
FEMALE,1910,Virginia
FEMALE,1910,Marie
FEMALE,1910,Evelyn
FEMALE,1910,Alice
FEMALE,1910,Florence
FEMALE,1910,Lillian
FEMALE,1910,Rose
FEMALE,1910,Irene
FEMALE,1910,Louise
FEMALE,1910,Edna
FEMALE,1910,Catherine
FEMALE,1910,Gladys
FEMALE,1910,Ethel
FEMALE,1910,Josephine
FEMALE,1910,Ruby
FEMALE,1910,Martha
FEMALE,1910,Grace
FEMALE,1910,Hazel
FEMALE,1910,Thelma
FEMALE,1910,Lucille
FEMALE,1910,Edith
FEMALE,1910,Eleanor
FEMALE,1910,Doris
FEMALE,1910,Annie
FEMALE,1910,Pauline
FEMALE,1910,Gertrude
FEMALE,1910,Esther
FEMALE,1910,Betty
FEMALE,1910,Beatrice
FEMALE,1910,Marjorie
FEMALE,1910,Clara
FEMALE,1910,Emma
FEMALE,1910,Bernice
FEMALE,1910,Bertha
FEMALE,1910,Ann
FEMALE,1910,Jean
FEMALE,1910,Elsie
FEMALE,1910,Julia
FEMALE,1910,Agnes
FEMALE,1910,Lois
FEMALE,1910,Sarah
FEMALE,1910,Marion
FEMALE,1910,Katherine
FEMALE,1910,Eva
FEMALE,1910,Ida
FEMALE,1910,Bessie
FEMALE,1910,Pearl
FEMALE,1910,Anne
FEMALE,1910,Viola
FEMALE,1910,Myrtle
FEMALE,1910,Nellie
FEMALE,1910,Mabel
FEMALE,1910,Laura
FEMALE,1910,Kathryn
FEMALE,1910,Stella
FEMALE,1910,Vera
FEMALE,1910,Willie
FEMALE,1910,Jessie
FEMALE,1910,Jane
FEMALE,1910,Alma
FEMALE,1910,Minnie
FEMALE,1910,Sylvia
FEMALE,1910,Ella
FEMALE,1910,Lillie
FEMALE,1910,Rita
FEMALE,1910,Leona
FEMALE,1910,Barbara
FEMALE,1910,Vivian
FEMALE,1910,Lena
FEMALE,1910,Violet
FEMALE,1910,Lucy
FEMALE,1910,Jennie
FEMALE,1910,Genevieve
FEMALE,1910,Marguerite
FEMALE,1910,Charlotte
FEMALE,1910,Mattie
FEMALE,1910,Marian
FEMALE,1910,Blanche
FEMALE,1910,Mae
FEMALE,1910,Ellen
FEMALE,1910,Wilma
FEMALE,1910,Juanita
FEMALE,1910,Opal
FEMALE,1910,June
FEMALE,1910,Geraldine
FEMALE,1910,Beulah
FEMALE,1910,Velma
FEMALE,1910,Theresa
FEMALE,1910,Carrie
FEMALE,1910,Phyllis
FEMALE,1910,Maxine
FEMALE,1910,Nancy
FEMALE,1910,Emily
FEMALE,1910,Georgia
FEMALE,1910,Fannie
FEMALE,1910,Kathleen
FEMALE,1910,Hattie
FEMALE,1910,Inez
FEMALE,1910,Sophie
FEMALE,1910,Rosa
FEMALE,1910,Lorraine
FEMALE,1910,Hilda
FEMALE,1910,Harriet
FEMALE,1910,Norma
FEMALE,1910,Eunice
FEMALE,1910,Sara
FEMALE,1910,Cora
FEMALE,1910,Ada
FEMALE,1910,Geneva
FEMALE,1910,Alberta
FEMALE,1910,Loretta
FEMALE,1910,Mamie
FEMALE,1910,Christine
FEMALE,1910,Dora
FEMALE,1910,Lula
FEMALE,1910,Estelle
FEMALE,1910,Verna
FEMALE,1910,Audrey
FEMALE,1910,Madeline
FEMALE,1910,Shirley
FEMALE,1910,Eileen
FEMALE,1910,Daisy
FEMALE,1910,Sadie
FEMALE,1910,Olive
FEMALE,1910,Naomi
FEMALE,1910,Lola
FEMALE,1910,Flora
FEMALE,1910,Lucile
FEMALE,1910,Olga
FEMALE,1910,Mable
FEMALE,1910,Muriel
FEMALE,1910,Susie
FEMALE,1910,Maggie
FEMALE,1910,Maria
FEMALE,1910,Jeanette
FEMALE,1910,Nora
FEMALE,1910,Miriam
FEMALE,1910,Erma
FEMALE,1910,Dolores
FEMALE,1910,Victoria
FEMALE,1910,Wanda
FEMALE,1910,Janet
FEMALE,1910,Lottie
FEMALE,1910,Caroline
FEMALE,1910,Rachel
FEMALE,1910,Irma
FEMALE,1910,Henrietta
FEMALE,1910,Roberta
FEMALE,1910,Winifred
FEMALE,1910,Eula
FEMALE,1910,Patricia
FEMALE,1910,Rosie
FEMALE,1910,Anita
FEMALE,1910,Rebecca
FEMALE,1910,Della
FEMALE,1910,Nettie
FEMALE,1910,Sally
FEMALE,1910,Fern
FEMALE,1910,Lydia
FEMALE,1910,Adeline
FEMALE,1910,Carolyn
FEMALE,1910,Amelia
FEMALE,1910,Nina
FEMALE,1910,Jeanne
FEMALE,1910,Elaine
FEMALE,1910,Goldie
FEMALE,1910,Katie
FEMALE,1910,Bonnie
FEMALE,1910,Antoinette
FEMALE,1910,May
FEMALE,1910,Marcella
FEMALE,1910,Lorene
FEMALE,1910,Essie
FEMALE,1910,Arlene
FEMALE,1910,Ollie
FEMALE,1910,Dorothea
FEMALE,1910,Jeannette
FEMALE,1910,Veronica
FEMALE,1910,Effie
FEMALE,1910,Isabel
FEMALE,1910,Freda
FEMALE,1910,Regina
FEMALE,1910,Sallie
FEMALE,1910,Cleo
FEMALE,1910,Ora
FEMALE,1910,Isabelle
FEMALE,1910,Rosemary
FEMALE,1910,Addie
FEMALE,1910,Eloise
FEMALE,1910,Joan
FEMALE,1910,Lela
FEMALE,1920,Mary
FEMALE,1920,Dorothy
FEMALE,1920,Helen
FEMALE,1920,Betty
FEMALE,1920,Margaret
FEMALE,1920,Ruth
FEMALE,1920,Virginia
FEMALE,1920,Doris
FEMALE,1920,Mildred
FEMALE,1920,Frances
FEMALE,1920,Elizabeth
FEMALE,1920,Evelyn
FEMALE,1920,Anna
FEMALE,1920,Marie
FEMALE,1920,Alice
FEMALE,1920,Jean
FEMALE,1920,Shirley
FEMALE,1920,Barbara
FEMALE,1920,Irene
FEMALE,1920,Marjorie
FEMALE,1920,Florence
FEMALE,1920,Lois
FEMALE,1920,Martha
FEMALE,1920,Rose
FEMALE,1920,Lillian
FEMALE,1920,Louise
FEMALE,1920,Catherine
FEMALE,1920,Ruby
FEMALE,1920,Eleanor
FEMALE,1920,Patricia
FEMALE,1920,Gladys
FEMALE,1920,Annie
FEMALE,1920,Josephine
FEMALE,1920,Thelma
FEMALE,1920,Edna
FEMALE,1920,Norma
FEMALE,1920,Pauline
FEMALE,1920,Lucille
FEMALE,1920,Edith
FEMALE,1920,Gloria
FEMALE,1920,Ethel
FEMALE,1920,Phyllis
FEMALE,1920,Grace
FEMALE,1920,Hazel
FEMALE,1920,June
FEMALE,1920,Bernice
FEMALE,1920,Marion
FEMALE,1920,Dolores
FEMALE,1920,Rita
FEMALE,1920,Lorraine
FEMALE,1920,Ann
FEMALE,1920,Esther
FEMALE,1920,Beatrice
FEMALE,1920,Juanita
FEMALE,1920,Clara
FEMALE,1920,Jane
FEMALE,1920,Geraldine
FEMALE,1920,Sarah
FEMALE,1920,Emma
FEMALE,1920,Joan
FEMALE,1920,Joyce
FEMALE,1920,Nancy
FEMALE,1920,Katherine
FEMALE,1920,Gertrude
FEMALE,1920,Elsie
FEMALE,1920,Julia
FEMALE,1920,Agnes
FEMALE,1920,Wilma
FEMALE,1920,Marian
FEMALE,1920,Bertha
FEMALE,1920,Eva
FEMALE,1920,Willie
FEMALE,1920,Audrey
FEMALE,1920,Theresa
FEMALE,1920,Vivian
FEMALE,1920,Wanda
FEMALE,1920,Laura
FEMALE,1920,Charlotte
FEMALE,1920,Ida
FEMALE,1920,Elaine
FEMALE,1920,Anne
FEMALE,1920,Marilyn
FEMALE,1920,Kathryn
FEMALE,1920,Maxine
FEMALE,1920,Kathleen
FEMALE,1920,Viola
FEMALE,1920,Pearl
FEMALE,1920,Vera
FEMALE,1920,Bessie
FEMALE,1920,Myrtle
FEMALE,1920,Alma
FEMALE,1920,Beverly
FEMALE,1920,Violet
FEMALE,1920,Nellie
FEMALE,1920,Ella
FEMALE,1920,Lillie
FEMALE,1920,Jessie
FEMALE,1920,Jeanne
FEMALE,1920,Eileen
FEMALE,1920,Ellen
FEMALE,1920,Lucy
FEMALE,1920,Minnie
FEMALE,1920,Sylvia
FEMALE,1920,Donna
FEMALE,1920,Leona
FEMALE,1920,Rosemary
FEMALE,1920,Stella
FEMALE,1920,Mattie
FEMALE,1920,Margie
FEMALE,1920,Genevieve
FEMALE,1920,Mabel
FEMALE,1920,Janet
FEMALE,1920,Geneva
FEMALE,1920,Georgia
FEMALE,1920,Bonnie
FEMALE,1920,Carol
FEMALE,1920,Velma
FEMALE,1920,Lena
FEMALE,1920,Carolyn
FEMALE,1920,Mae
FEMALE,1920,Jennie
FEMALE,1920,Maria
FEMALE,1920,Christine
FEMALE,1920,Arlene
FEMALE,1920,Peggy
FEMALE,1920,Marguerite
FEMALE,1920,Opal
FEMALE,1920,Sara
FEMALE,1920,Loretta
FEMALE,1920,Harriet
FEMALE,1920,Rosa
FEMALE,1920,Muriel
FEMALE,1920,Eunice
FEMALE,1920,Jeanette
FEMALE,1920,Blanche
FEMALE,1920,Carrie
FEMALE,1920,Emily
FEMALE,1920,Beulah
FEMALE,1920,Billie
FEMALE,1920,Dora
FEMALE,1920,Roberta
FEMALE,1920,Hilda
FEMALE,1920,Naomi
FEMALE,1920,Anita
FEMALE,1920,Jacqueline
FEMALE,1920,Alberta
FEMALE,1920,Inez
FEMALE,1920,Delores
FEMALE,1920,Fannie
FEMALE,1920,Hattie
FEMALE,1920,Lula
FEMALE,1920,Verna
FEMALE,1920,Cora
FEMALE,1920,Constance
FEMALE,1920,Madeline
FEMALE,1920,Miriam
FEMALE,1920,Ada
FEMALE,1920,Claire
FEMALE,1920,Mamie
FEMALE,1920,Lola
FEMALE,1920,Rosie
FEMALE,1920,Erma
FEMALE,1920,Rachel
FEMALE,1920,Mable
FEMALE,1920,Flora
FEMALE,1920,Daisy
FEMALE,1920,Sally
FEMALE,1920,Marcella
FEMALE,1920,Bette
FEMALE,1920,Olga
FEMALE,1920,Caroline
FEMALE,1920,Laverne
FEMALE,1920,Sophie
FEMALE,1920,Nora
FEMALE,1920,Rebecca
FEMALE,1920,Estelle
FEMALE,1920,Irma
FEMALE,1920,Susie
FEMALE,1920,Eula
FEMALE,1920,Winifred
FEMALE,1920,Eloise
FEMALE,1920,Janice
FEMALE,1920,Maggie
FEMALE,1920,Antoinette
FEMALE,1920,Nina
FEMALE,1920,Rosalie
FEMALE,1920,Imogene
FEMALE,1920,Lorene
FEMALE,1920,Olive
FEMALE,1920,Sadie
FEMALE,1920,Regina
FEMALE,1920,Victoria
FEMALE,1920,Henrietta
FEMALE,1920,Della
FEMALE,1920,Bettie
FEMALE,1920,Lila
FEMALE,1920,Fern
FEMALE,1920,Faye
FEMALE,1920,Johnnie
FEMALE,1920,Jeannette
FEMALE,1930,Mary
FEMALE,1930,Betty
FEMALE,1930,Barbara
FEMALE,1930,Shirley
FEMALE,1930,Patricia
FEMALE,1930,Dorothy
FEMALE,1930,Joan
FEMALE,1930,Margaret
FEMALE,1930,Nancy
FEMALE,1930,Helen
FEMALE,1930,Carol
FEMALE,1930,Joyce
FEMALE,1930,Doris
FEMALE,1930,Ruth
FEMALE,1930,Virginia
FEMALE,1930,Marilyn
FEMALE,1930,Elizabeth
FEMALE,1930,Jean
FEMALE,1930,Frances
FEMALE,1930,Beverly
FEMALE,1930,Lois
FEMALE,1930,Alice
FEMALE,1930,Donna
FEMALE,1930,Martha
FEMALE,1930,Dolores
FEMALE,1930,Janet
FEMALE,1930,Phyllis
FEMALE,1930,Norma
FEMALE,1930,Carolyn
FEMALE,1930,Evelyn
FEMALE,1930,Gloria
FEMALE,1930,Anna
FEMALE,1930,Marie
FEMALE,1930,Ann
FEMALE,1930,Mildred
FEMALE,1930,Rose
FEMALE,1930,Peggy
FEMALE,1930,Geraldine
FEMALE,1930,Catherine
FEMALE,1930,Judith
FEMALE,1930,Louise
FEMALE,1930,Janice
FEMALE,1930,Marjorie
FEMALE,1930,Annie
FEMALE,1930,Ruby
FEMALE,1930,Eleanor
FEMALE,1930,Jane
FEMALE,1930,Sandra
FEMALE,1930,Irene
FEMALE,1930,Wanda
FEMALE,1930,Elaine
FEMALE,1930,June
FEMALE,1930,Joanne
FEMALE,1930,Rita
FEMALE,1930,Florence
FEMALE,1930,Delores
FEMALE,1930,Lillian
FEMALE,1930,Marlene
FEMALE,1930,Edna
FEMALE,1930,Sarah
FEMALE,1930,Patsy
FEMALE,1930,Lorraine
FEMALE,1930,Thelma
FEMALE,1930,Josephine
FEMALE,1930,Juanita
FEMALE,1930,Bonnie
FEMALE,1930,Arlene
FEMALE,1930,Gladys
FEMALE,1930,Joann
FEMALE,1930,Sally
FEMALE,1930,Charlotte
FEMALE,1930,Kathleen
FEMALE,1930,Audrey
FEMALE,1930,Pauline
FEMALE,1930,Wilma
FEMALE,1930,Sylvia
FEMALE,1930,Theresa
FEMALE,1930,Jacqueline
FEMALE,1930,Clara
FEMALE,1930,Ethel
FEMALE,1930,Loretta
FEMALE,1930,Grace
FEMALE,1930,Sharon
FEMALE,1930,Edith
FEMALE,1930,Lucille
FEMALE,1930,Emma
FEMALE,1930,Bernice
FEMALE,1930,Marion
FEMALE,1930,Linda
FEMALE,1930,Jo
FEMALE,1930,Anne
FEMALE,1930,Hazel
FEMALE,1930,Roberta
FEMALE,1930,Carole
FEMALE,1930,Darlene
FEMALE,1930,Esther
FEMALE,1930,Katherine
FEMALE,1930,Ellen
FEMALE,1930,Laura
FEMALE,1930,Julia
FEMALE,1930,Rosemary
FEMALE,1930,Jeanette
FEMALE,1930,Marian
FEMALE,1930,Willie
FEMALE,1930,Beatrice
FEMALE,1930,Margie
FEMALE,1930,Billie
FEMALE,1930,Vivian
FEMALE,1930,Eva
FEMALE,1930,Kathryn
FEMALE,1930,Elsie
FEMALE,1930,Judy
FEMALE,1930,Eileen
FEMALE,1930,Anita
FEMALE,1930,Diane
FEMALE,1930,Bertha
FEMALE,1930,Susan
FEMALE,1930,Maria
FEMALE,1930,Maxine
FEMALE,1930,Ida
FEMALE,1930,Yvonne
FEMALE,1930,Ella
FEMALE,1930,Lillie
FEMALE,1930,Constance
FEMALE,1930,Sue
FEMALE,1930,Bobbie
FEMALE,1930,Georgia
FEMALE,1930,Jeanne
FEMALE,1930,Christine
FEMALE,1930,Sara
FEMALE,1930,Alma
FEMALE,1930,Bessie
FEMALE,1930,Agnes
FEMALE,1930,Vera
FEMALE,1930,Nellie
FEMALE,1930,Kay
FEMALE,1930,Jessie
FEMALE,1930,Karen
FEMALE,1930,Lucy
FEMALE,1930,Mattie
FEMALE,1930,Gertrude
FEMALE,1930,Rosa
FEMALE,1930,Minnie
FEMALE,1930,Gail
FEMALE,1930,Connie
FEMALE,1930,Geneva
FEMALE,1930,Viola
FEMALE,1930,Velma
FEMALE,1930,Marcia
FEMALE,1930,Leona
FEMALE,1930,Myrtle
FEMALE,1930,Violet
FEMALE,1930,Rosalie
FEMALE,1930,Harriet
FEMALE,1930,Annette
FEMALE,1930,Naomi
FEMALE,1930,Charlene
FEMALE,1930,Pearl
FEMALE,1930,Joy
FEMALE,1930,Mae
FEMALE,1930,Suzanne
FEMALE,1930,Claire
FEMALE,1930,Rebecca
FEMALE,1930,Faye
FEMALE,1930,Carrie
FEMALE,1930,Pat
FEMALE,1930,Dora
FEMALE,1930,Rachel
FEMALE,1930,Rosie
FEMALE,1930,Emily
FEMALE,1930,Eunice
FEMALE,1930,Maureen
FEMALE,1930,Alberta
FEMALE,1930,Cora
FEMALE,1930,Stella
FEMALE,1930,Lula
FEMALE,1930,Sheila
FEMALE,1930,Caroline
FEMALE,1930,Glenda
FEMALE,1930,Verna
FEMALE,1930,Lena
FEMALE,1930,Lola
FEMALE,1930,Myrna
FEMALE,1930,Hattie
FEMALE,1930,Rosemarie
FEMALE,1930,Ramona
FEMALE,1930,Gwendolyn
FEMALE,1930,Jeannette
FEMALE,1930,Erma
FEMALE,1930,Genevieve
FEMALE,1930,Cynthia
FEMALE,1930,Nina
FEMALE,1930,Patty
FEMALE,1930,Fannie
FEMALE,1930,Diana
FEMALE,1930,Jennie
FEMALE,1930,Hilda
FEMALE,1930,Marguerite
FEMALE,1930,Daisy
FEMALE,1930,Johnnie
FEMALE,1940,Mary
FEMALE,1940,Linda
FEMALE,1940,Barbara
FEMALE,1940,Patricia
FEMALE,1940,Carol
FEMALE,1940,Sandra
FEMALE,1940,Nancy
FEMALE,1940,Sharon
FEMALE,1940,Judith
FEMALE,1940,Susan
FEMALE,1940,Betty
FEMALE,1940,Carolyn
FEMALE,1940,Margaret
FEMALE,1940,Shirley
FEMALE,1940,Judy
FEMALE,1940,Karen
FEMALE,1940,Donna
FEMALE,1940,Kathleen
FEMALE,1940,Joyce
FEMALE,1940,Dorothy
FEMALE,1940,Janet
FEMALE,1940,Diane
FEMALE,1940,Janice
FEMALE,1940,Joan
FEMALE,1940,Elizabeth
FEMALE,1940,Brenda
FEMALE,1940,Gloria
FEMALE,1940,Virginia
FEMALE,1940,Marilyn
FEMALE,1940,Martha
FEMALE,1940,Beverly
FEMALE,1940,Helen
FEMALE,1940,Bonnie
FEMALE,1940,Ruth
FEMALE,1940,Frances
FEMALE,1940,Jean
FEMALE,1940,Ann
FEMALE,1940,Phyllis
FEMALE,1940,Pamela
FEMALE,1940,Jane
FEMALE,1940,Alice
FEMALE,1940,Peggy
FEMALE,1940,Cheryl
FEMALE,1940,Doris
FEMALE,1940,Catherine
FEMALE,1940,Elaine
FEMALE,1940,Cynthia
FEMALE,1940,Marie
FEMALE,1940,Lois
FEMALE,1940,Connie
FEMALE,1940,Christine
FEMALE,1940,Diana
FEMALE,1940,Gail
FEMALE,1940,Joanne
FEMALE,1940,Rose
FEMALE,1940,Wanda
FEMALE,1940,Carole
FEMALE,1940,Rita
FEMALE,1940,Charlotte
FEMALE,1940,Jo
FEMALE,1940,Evelyn
FEMALE,1940,Geraldine
FEMALE,1940,Jacqueline
FEMALE,1940,Ellen
FEMALE,1940,Sally
FEMALE,1940,Rebecca
FEMALE,1940,Kathryn
FEMALE,1940,Deborah
FEMALE,1940,Norma
FEMALE,1940,Suzanne
FEMALE,1940,Anna
FEMALE,1940,Sue
FEMALE,1940,Darlene
FEMALE,1940,Patsy
FEMALE,1940,Joann
FEMALE,1940,Sarah
FEMALE,1940,Katherine
FEMALE,1940,Paula
FEMALE,1940,Annie
FEMALE,1940,Louise
FEMALE,1940,Roberta
FEMALE,1940,Sylvia
FEMALE,1940,Anne
FEMALE,1940,Theresa
FEMALE,1940,Sheila
FEMALE,1940,Maria
FEMALE,1940,Laura
FEMALE,1940,Kathy
FEMALE,1940,Eileen
FEMALE,1940,Marcia
FEMALE,1940,Rosemary
FEMALE,1940,Glenda
FEMALE,1940,Dolores
FEMALE,1940,Mildred
FEMALE,1940,Lorraine
FEMALE,1940,Marjorie
FEMALE,1940,Sherry
FEMALE,1940,Kay
FEMALE,1940,Anita
FEMALE,1940,Dianne
FEMALE,1940,Ruby
FEMALE,1940,Irene
FEMALE,1940,Juanita
FEMALE,1940,Maureen
FEMALE,1940,Loretta
FEMALE,1940,Jeanne
FEMALE,1940,Constance
FEMALE,1940,Lynn
FEMALE,1940,Marlene
FEMALE,1940,Arlene
FEMALE,1940,Delores
FEMALE,1940,Lynda
FEMALE,1940,Julia
FEMALE,1940,Marsha
FEMALE,1940,Charlene
FEMALE,1940,June
FEMALE,1940,Jeanette
FEMALE,1940,Edna
FEMALE,1940,Josephine
FEMALE,1940,Eleanor
FEMALE,1940,Yvonne
FEMALE,1940,Vicki
FEMALE,1940,Vivian
FEMALE,1940,Emma
FEMALE,1940,Georgia
FEMALE,1940,Lillian
FEMALE,1940,Edith
FEMALE,1940,Pauline
FEMALE,1940,Wilma
FEMALE,1940,Victoria
FEMALE,1940,Ethel
FEMALE,1940,Lucille
FEMALE,1940,Florence
FEMALE,1940,Sara
FEMALE,1940,Margie
FEMALE,1940,Thelma
FEMALE,1940,Clara
FEMALE,1940,Audrey
FEMALE,1940,Grace
FEMALE,1940,Teresa
FEMALE,1940,Annette
FEMALE,1940,Claudia
FEMALE,1940,Gladys
FEMALE,1940,Julie
FEMALE,1940,Marion
FEMALE,1940,Gwendolyn
FEMALE,1940,Priscilla
FEMALE,1940,Willie
FEMALE,1940,Esther
FEMALE,1940,Eva
FEMALE,1940,Andrea
FEMALE,1940,Maryann
FEMALE,1940,Bernice
FEMALE,1940,Rosa
FEMALE,1940,Hazel
FEMALE,1940,Billie
FEMALE,1940,Bertha
FEMALE,1940,Gayle
FEMALE,1940,Bobbie
FEMALE,1940,Pat
FEMALE,1940,Maxine
FEMALE,1940,Marian
FEMALE,1940,Ella
FEMALE,1940,Paulette
FEMALE,1940,Joy
FEMALE,1940,Beatrice
FEMALE,1940,Cathy
FEMALE,1940,Lillie
FEMALE,1940,Janis
FEMALE,1940,Leslie
FEMALE,1940,Ida
FEMALE,1940,Lynne
FEMALE,1940,Deanna
FEMALE,1940,Faye
FEMALE,1940,Terry
FEMALE,1940,Valerie
FEMALE,1940,Rachel
FEMALE,1940,Emily
FEMALE,1940,Lucy
FEMALE,1940,Janie
FEMALE,1940,Penny
FEMALE,1940,Jackie
FEMALE,1940,Harriet
FEMALE,1940,Regina
FEMALE,1940,Rosalie
FEMALE,1940,Alma
FEMALE,1940,Angela
FEMALE,1940,Vera
FEMALE,1940,Jessie
FEMALE,1940,Marianne
FEMALE,1940,Stephanie
FEMALE,1940,Jill
FEMALE,1940,Mattie
FEMALE,1940,Minnie
FEMALE,1940,Caroline
FEMALE,1940,Michele
FEMALE,1940,Veronica
FEMALE,1940,Patty
FEMALE,1940,Rosie
FEMALE,1940,Stella
FEMALE,1950,Mary
FEMALE,1950,Linda
FEMALE,1950,Patricia
FEMALE,1950,Susan
FEMALE,1950,Deborah
FEMALE,1950,Barbara
FEMALE,1950,Debra
FEMALE,1950,Karen
FEMALE,1950,Nancy
FEMALE,1950,Donna
FEMALE,1950,Cynthia
FEMALE,1950,Sandra
FEMALE,1950,Pamela
FEMALE,1950,Sharon
FEMALE,1950,Kathleen
FEMALE,1950,Carol
FEMALE,1950,Diane
FEMALE,1950,Brenda
FEMALE,1950,Cheryl
FEMALE,1950,Janet
FEMALE,1950,Elizabeth
FEMALE,1950,Kathy
FEMALE,1950,Margaret
FEMALE,1950,Janice
FEMALE,1950,Carolyn
FEMALE,1950,Denise
FEMALE,1950,Judy
FEMALE,1950,Rebecca
FEMALE,1950,Joyce
FEMALE,1950,Teresa
FEMALE,1950,Christine
FEMALE,1950,Catherine
FEMALE,1950,Shirley
FEMALE,1950,Judith
FEMALE,1950,Betty
FEMALE,1950,Beverly
FEMALE,1950,Lisa
FEMALE,1950,Laura
FEMALE,1950,Theresa
FEMALE,1950,Connie
FEMALE,1950,Ann
FEMALE,1950,Julie
FEMALE,1950,Gloria
FEMALE,1950,Gail
FEMALE,1950,Joan
FEMALE,1950,Paula
FEMALE,1950,Peggy
FEMALE,1950,Cindy
FEMALE,1950,Martha
FEMALE,1950,Bonnie
FEMALE,1950,Jane
FEMALE,1950,Cathy
FEMALE,1950,Robin
FEMALE,1950,Debbie
FEMALE,1950,Diana
FEMALE,1950,Marilyn
FEMALE,1950,Kathryn
FEMALE,1950,Dorothy
FEMALE,1950,Wanda
FEMALE,1950,Jean
FEMALE,1950,Vicki
FEMALE,1950,Sheila
FEMALE,1950,Virginia
FEMALE,1950,Sherry
FEMALE,1950,Katherine
FEMALE,1950,Rose
FEMALE,1950,Lynn
FEMALE,1950,Jo
FEMALE,1950,Ruth
FEMALE,1950,Maria
FEMALE,1950,Darlene
FEMALE,1950,Jacqueline
FEMALE,1950,Rita
FEMALE,1950,Rhonda
FEMALE,1950,Phyllis
FEMALE,1950,Helen
FEMALE,1950,Vickie
FEMALE,1950,Kim
FEMALE,1950,Lori
FEMALE,1950,Ellen
FEMALE,1950,Elaine
FEMALE,1950,Joanne
FEMALE,1950,Anne
FEMALE,1950,Valerie
FEMALE,1950,Alice
FEMALE,1950,Frances
FEMALE,1950,Suzanne
FEMALE,1950,Marie
FEMALE,1950,Victoria
FEMALE,1950,Kimberly
FEMALE,1950,Anita
FEMALE,1950,Laurie
FEMALE,1950,Michelle
FEMALE,1950,Sally
FEMALE,1950,Terri
FEMALE,1950,Marcia
FEMALE,1950,Terry
FEMALE,1950,Jennifer
FEMALE,1950,Leslie
FEMALE,1950,Doris
FEMALE,1950,Maureen
FEMALE,1950,Wendy
FEMALE,1950,Michele
FEMALE,1950,Anna
FEMALE,1950,Marsha
FEMALE,1950,Angela
FEMALE,1950,Sarah
FEMALE,1950,Sylvia
FEMALE,1950,Jill
FEMALE,1950,Dawn
FEMALE,1950,Sue
FEMALE,1950,Evelyn
FEMALE,1950,Roberta
FEMALE,1950,Jeanne
FEMALE,1950,Charlotte
FEMALE,1950,Eileen
FEMALE,1950,Lois
FEMALE,1950,Colleen
FEMALE,1950,Stephanie
FEMALE,1950,Annette
FEMALE,1950,Glenda
FEMALE,1950,Yvonne
FEMALE,1950,Dianne
FEMALE,1950,Tina
FEMALE,1950,Beth
FEMALE,1950,Lorraine
FEMALE,1950,Constance
FEMALE,1950,Renee
FEMALE,1950,Charlene
FEMALE,1950,Joann
FEMALE,1950,Julia
FEMALE,1950,Gwendolyn
FEMALE,1950,Norma
FEMALE,1950,Regina
FEMALE,1950,Amy
FEMALE,1950,Sheryl
FEMALE,1950,Loretta
FEMALE,1950,Carla
FEMALE,1950,Andrea
FEMALE,1950,Tammy
FEMALE,1950,Irene
FEMALE,1950,Jan
FEMALE,1950,Louise
FEMALE,1950,Juanita
FEMALE,1950,Marlene
FEMALE,1950,Penny
FEMALE,1950,Rosemary
FEMALE,1950,Becky
FEMALE,1950,Kay
FEMALE,1950,Joy
FEMALE,1950,Geraldine
FEMALE,1950,Jeanette
FEMALE,1950,Gayle
FEMALE,1950,Annie
FEMALE,1950,Vivian
FEMALE,1950,Claudia
FEMALE,1950,Lynda
FEMALE,1950,Melissa
FEMALE,1950,Audrey
FEMALE,1950,Lynne
FEMALE,1950,Patsy
FEMALE,1950,Melinda
FEMALE,1950,Vicky
FEMALE,1950,Toni
FEMALE,1950,June
FEMALE,1950,Belinda
FEMALE,1950,Marjorie
FEMALE,1950,Arlene
FEMALE,1950,Patti
FEMALE,1950,Ruby
FEMALE,1950,Sara
FEMALE,1950,Yolanda
FEMALE,1950,Rosa
FEMALE,1950,Christina
FEMALE,1950,Melanie
FEMALE,1950,Delores
FEMALE,1950,Jackie
FEMALE,1950,Vanessa
FEMALE,1950,Carmen
FEMALE,1950,Monica
FEMALE,1950,Janis
FEMALE,1950,Holly
FEMALE,1950,Marianne
FEMALE,1950,Dolores
FEMALE,1950,Shelley
FEMALE,1950,Veronica
FEMALE,1950,Mildred
FEMALE,1950,Dana
FEMALE,1950,Eva
FEMALE,1950,Rachel
FEMALE,1950,Shelia
FEMALE,1950,Roxanne
FEMALE,1950,Carole
FEMALE,1950,Lillian
FEMALE,1950,Josephine
FEMALE,1950,Carrie
FEMALE,1950,Patty
FEMALE,1950,Sherri
FEMALE,1950,Doreen
FEMALE,1950,Grace
FEMALE,1960,Lisa
FEMALE,1960,Mary
FEMALE,1960,Susan
FEMALE,1960,Karen
FEMALE,1960,Kimberly
FEMALE,1960,Patricia
FEMALE,1960,Linda
FEMALE,1960,Donna
FEMALE,1960,Michelle
FEMALE,1960,Cynthia
FEMALE,1960,Sandra
FEMALE,1960,Deborah
FEMALE,1960,Tammy
FEMALE,1960,Pamela
FEMALE,1960,Lori
FEMALE,1960,Laura
FEMALE,1960,Elizabeth
FEMALE,1960,Julie
FEMALE,1960,Brenda
FEMALE,1960,Jennifer
FEMALE,1960,Barbara
FEMALE,1960,Angela
FEMALE,1960,Sharon
FEMALE,1960,Debra
FEMALE,1960,Teresa
FEMALE,1960,Nancy
FEMALE,1960,Christine
FEMALE,1960,Cheryl
FEMALE,1960,Denise
FEMALE,1960,Kelly
FEMALE,1960,Tina
FEMALE,1960,Kathleen
FEMALE,1960,Melissa
FEMALE,1960,Robin
FEMALE,1960,Amy
FEMALE,1960,Diane
FEMALE,1960,Dawn
FEMALE,1960,Carol
FEMALE,1960,Tracy
FEMALE,1960,Kathy
FEMALE,1960,Rebecca
FEMALE,1960,Theresa
FEMALE,1960,Kim
FEMALE,1960,Rhonda
FEMALE,1960,Stephanie
FEMALE,1960,Cindy
FEMALE,1960,Janet
FEMALE,1960,Wendy
FEMALE,1960,Maria
FEMALE,1960,Michele
FEMALE,1960,Jacqueline
FEMALE,1960,Debbie
FEMALE,1960,Margaret
FEMALE,1960,Paula
FEMALE,1960,Sherry
FEMALE,1960,Catherine
FEMALE,1960,Carolyn
FEMALE,1960,Laurie
FEMALE,1960,Sheila
FEMALE,1960,Ann
FEMALE,1960,Jill
FEMALE,1960,Connie
FEMALE,1960,Diana
FEMALE,1960,Terri
FEMALE,1960,Suzanne
FEMALE,1960,Andrea
FEMALE,1960,Beth
FEMALE,1960,Janice
FEMALE,1960,Valerie
FEMALE,1960,Renee
FEMALE,1960,Leslie
FEMALE,1960,Christina
FEMALE,1960,Gina
FEMALE,1960,Lynn
FEMALE,1960,Annette
FEMALE,1960,Cathy
FEMALE,1960,Katherine
FEMALE,1960,Judy
FEMALE,1960,Carla
FEMALE,1960,Anne
FEMALE,1960,Wanda
FEMALE,1960,Dana
FEMALE,1960,Joyce
FEMALE,1960,Regina
FEMALE,1960,Beverly
FEMALE,1960,Monica
FEMALE,1960,Bonnie
FEMALE,1960,Kathryn
FEMALE,1960,Anita
FEMALE,1960,Sarah
FEMALE,1960,Darlene
FEMALE,1960,Jane
FEMALE,1960,Sherri
FEMALE,1960,Martha
FEMALE,1960,Anna
FEMALE,1960,Colleen
FEMALE,1960,Vicki
FEMALE,1960,Tracey
FEMALE,1960,Judith
FEMALE,1960,Tamara
FEMALE,1960,Gloria
FEMALE,1960,Betty
FEMALE,1960,Stacey
FEMALE,1960,Penny
FEMALE,1960,Shirley
FEMALE,1960,Victoria
FEMALE,1960,Jean
FEMALE,1960,Peggy
FEMALE,1960,Melanie
FEMALE,1960,Joan
FEMALE,1960,Melinda
FEMALE,1960,Shelly
FEMALE,1960,Stacy
FEMALE,1960,Virginia
FEMALE,1960,Marie
FEMALE,1960,Maureen
FEMALE,1960,Julia
FEMALE,1960,Ruth
FEMALE,1960,Ellen
FEMALE,1960,Tonya
FEMALE,1960,Shannon
FEMALE,1960,Heidi
FEMALE,1960,Joanne
FEMALE,1960,Dorothy
FEMALE,1960,Gail
FEMALE,1960,Rita
FEMALE,1960,Heather
FEMALE,1960,Deanna
FEMALE,1960,Holly
FEMALE,1960,Rose
FEMALE,1960,Vickie
FEMALE,1960,Carrie
FEMALE,1960,Veronica
FEMALE,1960,Yvonne
FEMALE,1960,Becky
FEMALE,1960,Helen
FEMALE,1960,Sylvia
FEMALE,1960,Yolanda
FEMALE,1960,April
FEMALE,1960,Terry
FEMALE,1960,Elaine
FEMALE,1960,Sheri
FEMALE,1960,Marilyn
FEMALE,1960,Alice
FEMALE,1960,Jodi
FEMALE,1960,Rachel
FEMALE,1960,Sheryl
FEMALE,1960,Jackie
FEMALE,1960,Jamie
FEMALE,1960,Phyllis
FEMALE,1960,Frances
FEMALE,1960,Crystal
FEMALE,1960,Joann
FEMALE,1960,Eileen
FEMALE,1960,Shelley
FEMALE,1960,Toni
FEMALE,1960,Charlene
FEMALE,1960,Sally
FEMALE,1960,Kristin
FEMALE,1960,Charlotte
FEMALE,1960,Kristine
FEMALE,1960,Jeanne
FEMALE,1960,Sara
FEMALE,1960,Tanya
FEMALE,1960,Belinda
FEMALE,1960,Carmen
FEMALE,1960,Sandy
FEMALE,1960,Evelyn
FEMALE,1960,Alicia
FEMALE,1960,Sonya
FEMALE,1960,Lorraine
FEMALE,1960,Jeanette
FEMALE,1960,Yvette
FEMALE,1960,Loretta
FEMALE,1960,Joy
FEMALE,1960,Sue
FEMALE,1960,Norma
FEMALE,1960,Roberta
FEMALE,1960,Vanessa
FEMALE,1960,Shari
FEMALE,1960,Jo
FEMALE,1960,Natalie
FEMALE,1960,Tammie
FEMALE,1960,Traci
FEMALE,1960,Gwendolyn
FEMALE,1960,Nicole
FEMALE,1960,Felicia
FEMALE,1960,Melody
FEMALE,1960,Shelia
FEMALE,1960,Tami
FEMALE,1960,Marcia
FEMALE,1960,Doris
FEMALE,1960,Kristen
FEMALE,1960,Audrey
FEMALE,1960,Karla
FEMALE,1960,Jody
FEMALE,1960,Glenda
FEMALE,1960,Patty
FEMALE,1960,Amanda
FEMALE,1960,Pam
FEMALE,1970,Jennifer
FEMALE,1970,Amy
FEMALE,1970,Melissa
FEMALE,1970,Michelle
FEMALE,1970,Kimberly
FEMALE,1970,Lisa
FEMALE,1970,Angela
FEMALE,1970,Heather
FEMALE,1970,Stephanie
FEMALE,1970,Nicole
FEMALE,1970,Jessica
FEMALE,1970,Elizabeth
FEMALE,1970,Rebecca
FEMALE,1970,Kelly
FEMALE,1970,Mary
FEMALE,1970,Christina
FEMALE,1970,Amanda
FEMALE,1970,Julie
FEMALE,1970,Sarah
FEMALE,1970,Laura
FEMALE,1970,Shannon
FEMALE,1970,Christine
FEMALE,1970,Tammy
FEMALE,1970,Tracy
FEMALE,1970,Karen
FEMALE,1970,Dawn
FEMALE,1970,Susan
FEMALE,1970,Andrea
FEMALE,1970,Tina
FEMALE,1970,Patricia
FEMALE,1970,Cynthia
FEMALE,1970,Lori
FEMALE,1970,Rachel
FEMALE,1970,April
FEMALE,1970,Maria
FEMALE,1970,Wendy
FEMALE,1970,Crystal
FEMALE,1970,Stacy
FEMALE,1970,Erin
FEMALE,1970,Jamie
FEMALE,1970,Carrie
FEMALE,1970,Tiffany
FEMALE,1970,Tara
FEMALE,1970,Sandra
FEMALE,1970,Monica
FEMALE,1970,Danielle
FEMALE,1970,Stacey
FEMALE,1970,Pamela
FEMALE,1970,Tonya
FEMALE,1970,Sara
FEMALE,1970,Michele
FEMALE,1970,Teresa
FEMALE,1970,Denise
FEMALE,1970,Jill
FEMALE,1970,Katherine
FEMALE,1970,Melanie
FEMALE,1970,Dana
FEMALE,1970,Holly
FEMALE,1970,Erica
FEMALE,1970,Brenda
FEMALE,1970,Deborah
FEMALE,1970,Tanya
FEMALE,1970,Sharon
FEMALE,1970,Donna
FEMALE,1970,Amber
FEMALE,1970,Emily
FEMALE,1970,Robin
FEMALE,1970,Linda
FEMALE,1970,Kathleen
FEMALE,1970,Leslie
FEMALE,1970,Christy
FEMALE,1970,Kristen
FEMALE,1970,Catherine
FEMALE,1970,Kristin
FEMALE,1970,Misty
FEMALE,1970,Barbara
FEMALE,1970,Heidi
FEMALE,1970,Nancy
FEMALE,1970,Cheryl
FEMALE,1970,Theresa
FEMALE,1970,Brandy
FEMALE,1970,Alicia
FEMALE,1970,Veronica
FEMALE,1970,Gina
FEMALE,1970,Jacqueline
FEMALE,1970,Rhonda
FEMALE,1970,Anna
FEMALE,1970,Renee
FEMALE,1970,Megan
FEMALE,1970,Tamara
FEMALE,1970,Melinda
FEMALE,1970,Kathryn
FEMALE,1970,Debra
FEMALE,1970,Sherry
FEMALE,1970,Allison
FEMALE,1970,Valerie
FEMALE,1970,Diana
FEMALE,1970,Paula
FEMALE,1970,Kristina
FEMALE,1970,Ann
FEMALE,1970,Margaret
FEMALE,1970,Cindy
FEMALE,1970,Victoria
FEMALE,1970,Jodi
FEMALE,1970,Natalie
FEMALE,1970,Brandi
FEMALE,1970,Suzanne
FEMALE,1970,Kristi
FEMALE,1970,Samantha
FEMALE,1970,Beth
FEMALE,1970,Tracey
FEMALE,1970,Regina
FEMALE,1970,Vanessa
FEMALE,1970,Kristy
FEMALE,1970,Carolyn
FEMALE,1970,Yolanda
FEMALE,1970,Deanna
FEMALE,1970,Carla
FEMALE,1970,Sheila
FEMALE,1970,Laurie
FEMALE,1970,Anne
FEMALE,1970,Shelly
FEMALE,1970,Diane
FEMALE,1970,Sabrina
FEMALE,1970,Janet
FEMALE,1970,Katrina
FEMALE,1970,Erika
FEMALE,1970,Courtney
FEMALE,1970,Colleen
FEMALE,1970,Carol
FEMALE,1970,Julia
FEMALE,1970,Jenny
FEMALE,1970,Jaime
FEMALE,1970,Kathy
FEMALE,1970,Felicia
FEMALE,1970,Alison
FEMALE,1970,Lauren
FEMALE,1970,Kelli
FEMALE,1970,Leah
FEMALE,1970,Ashley
FEMALE,1970,Kim
FEMALE,1970,Traci
FEMALE,1970,Kristine
FEMALE,1970,Tricia
FEMALE,1970,Joy
FEMALE,1970,Krista
FEMALE,1970,Kara
FEMALE,1970,Terri
FEMALE,1970,Sonya
FEMALE,1970,Aimee
FEMALE,1970,Natasha
FEMALE,1970,Cassandra
FEMALE,1970,Bridget
FEMALE,1970,Anita
FEMALE,1970,Kari
FEMALE,1970,Nichole
FEMALE,1970,Christie
FEMALE,1970,Marie
FEMALE,1970,Virginia
FEMALE,1970,Connie
FEMALE,1970,Martha
FEMALE,1970,Carmen
FEMALE,1970,Stacie
FEMALE,1970,Lynn
FEMALE,1970,Monique
FEMALE,1970,Katie
FEMALE,1970,Kristie
FEMALE,1970,Shelley
FEMALE,1970,Sherri
FEMALE,1970,Angel
FEMALE,1970,Bonnie
FEMALE,1970,Mandy
FEMALE,1970,Jody
FEMALE,1970,Shawna
FEMALE,1970,Kerry
FEMALE,1970,Annette
FEMALE,1970,Yvonne
FEMALE,1970,Toni
FEMALE,1970,Meredith
FEMALE,1970,Molly
FEMALE,1970,Kendra
FEMALE,1970,Joanna
FEMALE,1970,Sonia
FEMALE,1970,Janice
FEMALE,1970,Robyn
FEMALE,1970,Brooke
FEMALE,1970,Kerri
FEMALE,1970,Sheri
FEMALE,1970,Becky
FEMALE,1970,Gloria
FEMALE,1970,Mindy
FEMALE,1970,Tracie
FEMALE,1970,Angie
FEMALE,1970,Kellie
FEMALE,1970,Claudia
FEMALE,1970,Ruth
FEMALE,1970,Wanda
FEMALE,1970,Jeanette
FEMALE,1970,Cathy
FEMALE,1970,Adrienne
FEMALE,1980,Jessica
FEMALE,1980,Jennifer
FEMALE,1980,Amanda
FEMALE,1980,Ashley
FEMALE,1980,Sarah
FEMALE,1980,Stephanie
FEMALE,1980,Melissa
FEMALE,1980,Nicole
FEMALE,1980,Elizabeth
FEMALE,1980,Heather
FEMALE,1980,Tiffany
FEMALE,1980,Michelle
FEMALE,1980,Amber
FEMALE,1980,Megan
FEMALE,1980,Amy
FEMALE,1980,Rachel
FEMALE,1980,Kimberly
FEMALE,1980,Christina
FEMALE,1980,Lauren
FEMALE,1980,Crystal
FEMALE,1980,Brittany
FEMALE,1980,Rebecca
FEMALE,1980,Laura
FEMALE,1980,Danielle
FEMALE,1980,Emily
FEMALE,1980,Samantha
FEMALE,1980,Angela
FEMALE,1980,Erin
FEMALE,1980,Kelly
FEMALE,1980,Sara
FEMALE,1980,Lisa
FEMALE,1980,Katherine
FEMALE,1980,Andrea
FEMALE,1980,Jamie
FEMALE,1980,Mary
FEMALE,1980,Erica
FEMALE,1980,Courtney
FEMALE,1980,Kristen
FEMALE,1980,Shannon
FEMALE,1980,April
FEMALE,1980,Katie
FEMALE,1980,Lindsey
FEMALE,1980,Kristin
FEMALE,1980,Lindsay
FEMALE,1980,Christine
FEMALE,1980,Alicia
FEMALE,1980,Vanessa
FEMALE,1980,Maria
FEMALE,1980,Kathryn
FEMALE,1980,Allison
FEMALE,1980,Julie
FEMALE,1980,Anna
FEMALE,1980,Tara
FEMALE,1980,Kayla
FEMALE,1980,Natalie
FEMALE,1980,Victoria
FEMALE,1980,Monica
FEMALE,1980,Jacqueline
FEMALE,1980,Holly
FEMALE,1980,Kristina
FEMALE,1980,Patricia
FEMALE,1980,Cassandra
FEMALE,1980,Brandy
FEMALE,1980,Whitney
FEMALE,1980,Chelsea
FEMALE,1980,Brandi
FEMALE,1980,Catherine
FEMALE,1980,Cynthia
FEMALE,1980,Kathleen
FEMALE,1980,Veronica
FEMALE,1980,Leslie
FEMALE,1980,Natasha
FEMALE,1980,Krystal
FEMALE,1980,Stacy
FEMALE,1980,Diana
FEMALE,1980,Erika
FEMALE,1980,Dana
FEMALE,1980,Jenna
FEMALE,1980,Meghan
FEMALE,1980,Carrie
FEMALE,1980,Leah
FEMALE,1980,Melanie
FEMALE,1980,Brooke
FEMALE,1980,Karen
FEMALE,1980,Alexandra
FEMALE,1980,Valerie
FEMALE,1980,Caitlin
FEMALE,1980,Julia
FEMALE,1980,Alyssa
FEMALE,1980,Jasmine
FEMALE,1980,Hannah
FEMALE,1980,Stacey
FEMALE,1980,Brittney
FEMALE,1980,Susan
FEMALE,1980,Margaret
FEMALE,1980,Sandra
FEMALE,1980,Candice
FEMALE,1980,Latoya
FEMALE,1980,Bethany
FEMALE,1980,Misty
FEMALE,1980,Katrina
FEMALE,1980,Tracy
FEMALE,1980,Casey
FEMALE,1980,Kelsey
FEMALE,1980,Kara
FEMALE,1980,Nichole
FEMALE,1980,Alison
FEMALE,1980,Heidi
FEMALE,1980,Alexis
FEMALE,1980,Molly
FEMALE,1980,Tina
FEMALE,1980,Pamela
FEMALE,1980,Rachael
FEMALE,1980,Nancy
FEMALE,1980,Jillian
FEMALE,1980,Candace
FEMALE,1980,Denise
FEMALE,1980,Sabrina
FEMALE,1980,Gina
FEMALE,1980,Renee
FEMALE,1980,Jill
FEMALE,1980,Kendra
FEMALE,1980,Morgan
FEMALE,1980,Brenda
FEMALE,1980,Monique
FEMALE,1980,Teresa
FEMALE,1980,Krista
FEMALE,1980,Linda
FEMALE,1980,Miranda
FEMALE,1980,Robin
FEMALE,1980,Dawn
FEMALE,1980,Theresa
FEMALE,1980,Kristy
FEMALE,1980,Tanya
FEMALE,1980,Wendy
FEMALE,1980,Melinda
FEMALE,1980,Joanna
FEMALE,1980,Anne
FEMALE,1980,Felicia
FEMALE,1980,Desiree
FEMALE,1980,Jaclyn
FEMALE,1980,Alisha
FEMALE,1980,Lori
FEMALE,1980,Tamara
FEMALE,1980,Marissa
FEMALE,1980,Kelli
FEMALE,1980,Lacey
FEMALE,1980,Abigail
FEMALE,1980,Christy
FEMALE,1980,Jenny
FEMALE,1980,Tabitha
FEMALE,1980,Colleen
FEMALE,1980,Meredith
FEMALE,1980,Barbara
FEMALE,1980,Angelica
FEMALE,1980,Carolyn
FEMALE,1980,Rebekah
FEMALE,1980,Ebony
FEMALE,1980,Deanna
FEMALE,1980,Tonya
FEMALE,1980,Caroline
FEMALE,1980,Kristi
FEMALE,1980,Kari
FEMALE,1980,Michele
FEMALE,1980,Brianna
FEMALE,1980,Bridget
FEMALE,1980,Angel
FEMALE,1980,Marie
FEMALE,1980,Sharon
FEMALE,1980,Sheena
FEMALE,1980,Tasha
FEMALE,1980,Meagan
FEMALE,1980,Jaime
FEMALE,1980,Cindy
FEMALE,1980,Priscilla
FEMALE,1980,Ann
FEMALE,1980,Ashlee
FEMALE,1980,Stefanie
FEMALE,1980,Cassie
FEMALE,1980,Adrienne
FEMALE,1980,Tammy
FEMALE,1980,Ana
FEMALE,1980,Beth
FEMALE,1980,Dominique
FEMALE,1980,Mallory
FEMALE,1980,Latasha
FEMALE,1980,Cristina
FEMALE,1980,Virginia
FEMALE,1980,Deborah
FEMALE,1980,Katelyn
FEMALE,1980,Audrey
FEMALE,1980,Regina
FEMALE,1980,Carla
FEMALE,1980,Cheryl
FEMALE,1980,Olivia
FEMALE,1980,Autumn
FEMALE,1980,Jordan
FEMALE,1980,Claudia
FEMALE,1980,Nina
FEMALE,1980,Taylor
FEMALE,1990,Jessica
FEMALE,1990,Ashley
FEMALE,1990,Emily
FEMALE,1990,Sarah
FEMALE,1990,Samantha
FEMALE,1990,Amanda
FEMALE,1990,Brittany
FEMALE,1990,Elizabeth
FEMALE,1990,Taylor
FEMALE,1990,Megan
FEMALE,1990,Hannah
FEMALE,1990,Kayla
FEMALE,1990,Lauren
FEMALE,1990,Stephanie
FEMALE,1990,Rachel
FEMALE,1990,Jennifer
FEMALE,1990,Nicole
FEMALE,1990,Alexis
FEMALE,1990,Victoria
FEMALE,1990,Amber
FEMALE,1990,Alyssa
FEMALE,1990,Courtney
FEMALE,1990,Rebecca
FEMALE,1990,Danielle
FEMALE,1990,Jasmine
FEMALE,1990,Brianna
FEMALE,1990,Katherine
FEMALE,1990,Alexandra
FEMALE,1990,Madison
FEMALE,1990,Morgan
FEMALE,1990,Melissa
FEMALE,1990,Michelle
FEMALE,1990,Kelsey
FEMALE,1990,Chelsea
FEMALE,1990,Anna
FEMALE,1990,Kimberly
FEMALE,1990,Tiffany
FEMALE,1990,Olivia
FEMALE,1990,Mary
FEMALE,1990,Christina
FEMALE,1990,Allison
FEMALE,1990,Abigail
FEMALE,1990,Sara
FEMALE,1990,Shelby
FEMALE,1990,Heather
FEMALE,1990,Haley
FEMALE,1990,Maria
FEMALE,1990,Kaitlyn
FEMALE,1990,Laura
FEMALE,1990,Erin
FEMALE,1990,Andrea
FEMALE,1990,Natalie
FEMALE,1990,Jordan
FEMALE,1990,Brooke
FEMALE,1990,Julia
FEMALE,1990,Emma
FEMALE,1990,Vanessa
FEMALE,1990,Erica
FEMALE,1990,Sydney
FEMALE,1990,Kelly
FEMALE,1990,Kristen
FEMALE,1990,Katelyn
FEMALE,1990,Marissa
FEMALE,1990,Amy
FEMALE,1990,Crystal
FEMALE,1990,Paige
FEMALE,1990,Cassandra
FEMALE,1990,Gabrielle
FEMALE,1990,Katie
FEMALE,1990,Caitlin
FEMALE,1990,Lindsey
FEMALE,1990,Destiny
FEMALE,1990,Kathryn
FEMALE,1990,Jacqueline
FEMALE,1990,Shannon
FEMALE,1990,Jenna
FEMALE,1990,Angela
FEMALE,1990,Savannah
FEMALE,1990,Mariah
FEMALE,1990,Alexandria
FEMALE,1990,Sierra
FEMALE,1990,Alicia
FEMALE,1990,Briana
FEMALE,1990,Miranda
FEMALE,1990,Jamie
FEMALE,1990,Catherine
FEMALE,1990,Brittney
FEMALE,1990,Breanna
FEMALE,1990,Grace
FEMALE,1990,Monica
FEMALE,1990,Sabrina
FEMALE,1990,Madeline
FEMALE,1990,Caroline
FEMALE,1990,Molly
FEMALE,1990,Erika
FEMALE,1990,Mackenzie
FEMALE,1990,Leah
FEMALE,1990,Diana
FEMALE,1990,Whitney
FEMALE,1990,Cheyenne
FEMALE,1990,Bailey
FEMALE,1990,Christine
FEMALE,1990,Meghan
FEMALE,1990,Lindsay
FEMALE,1990,Angelica
FEMALE,1990,Cynthia
FEMALE,1990,Margaret
FEMALE,1990,Kaitlin
FEMALE,1990,Alexa
FEMALE,1990,Hailey
FEMALE,1990,Veronica
FEMALE,1990,Melanie
FEMALE,1990,Bianca
FEMALE,1990,Autumn
FEMALE,1990,Ariel
FEMALE,1990,Kristin
FEMALE,1990,Bethany
FEMALE,1990,Lisa
FEMALE,1990,Kristina
FEMALE,1990,Holly
FEMALE,1990,Leslie
FEMALE,1990,Casey
FEMALE,1990,Chloe
FEMALE,1990,April
FEMALE,1990,Julie
FEMALE,1990,Claire
FEMALE,1990,Kaylee
FEMALE,1990,Brenda
FEMALE,1990,Kathleen
FEMALE,1990,Rachael
FEMALE,1990,Karen
FEMALE,1990,Sophia
FEMALE,1990,Patricia
FEMALE,1990,Gabriela
FEMALE,1990,Kendra
FEMALE,1990,Dominique
FEMALE,1990,Kara
FEMALE,1990,Ana
FEMALE,1990,Desiree
FEMALE,1990,Tara
FEMALE,1990,Michaela
FEMALE,1990,Brandi
FEMALE,1990,Carly
FEMALE,1990,Kylie
FEMALE,1990,Karina
FEMALE,1990,Adriana
FEMALE,1990,Valerie
FEMALE,1990,Caitlyn
FEMALE,1990,Natasha
FEMALE,1990,Hayley
FEMALE,1990,Rebekah
FEMALE,1990,Jocelyn
FEMALE,1990,Cassidy
FEMALE,1990,Jade
FEMALE,1990,Gabriella
FEMALE,1990,Makayla
FEMALE,1990,Daisy
FEMALE,1990,Alison
FEMALE,1990,Jillian
FEMALE,1990,Audrey
FEMALE,1990,Faith
FEMALE,1990,Angel
FEMALE,1990,Nancy
FEMALE,1990,Dana
FEMALE,1990,Krystal
FEMALE,1990,Alejandra
FEMALE,1990,Ariana
FEMALE,1990,Summer
FEMALE,1990,Isabella
FEMALE,1990,Mikayla
FEMALE,1990,Raven
FEMALE,1990,Katrina
FEMALE,1990,Kiara
FEMALE,1990,Sandra
FEMALE,1990,Meagan
FEMALE,1990,Lydia
FEMALE,1990,Kirsten
FEMALE,1990,Chelsey
FEMALE,1990,Zoe
FEMALE,1990,Monique
FEMALE,1990,Claudia
FEMALE,1990,Mallory
FEMALE,1990,Joanna
FEMALE,1990,Deanna
FEMALE,1990,Isabel
FEMALE,1990,Ashlee
FEMALE,1990,Felicia
FEMALE,1990,Marisa
FEMALE,1990,Mercedes
FEMALE,1990,Mckenzie
FEMALE,1990,Jasmin
FEMALE,1990,Krista
FEMALE,1990,Yesenia
FEMALE,1990,Diamond
FEMALE,1990,Evelyn
FEMALE,1990,Cindy
FEMALE,1990,Selena
FEMALE,1990,Brandy
FEMALE,1990,Gina
FEMALE,1990,Mia
FEMALE,2000,Emily
FEMALE,2000,Madison
FEMALE,2000,Emma
FEMALE,2000,Olivia
FEMALE,2000,Hannah
FEMALE,2000,Abigail
FEMALE,2000,Isabella
FEMALE,2000,Samantha
FEMALE,2000,Elizabeth
FEMALE,2000,Ashley
FEMALE,2000,Alexis
FEMALE,2000,Sarah
FEMALE,2000,Sophia
FEMALE,2000,Alyssa
FEMALE,2000,Grace
FEMALE,2000,Ava
FEMALE,2000,Taylor
FEMALE,2000,Brianna
FEMALE,2000,Lauren
FEMALE,2000,Chloe
FEMALE,2000,Natalie
FEMALE,2000,Kayla
FEMALE,2000,Jessica
FEMALE,2000,Anna
FEMALE,2000,Victoria
FEMALE,2000,Mia
FEMALE,2000,Hailey
FEMALE,2000,Sydney
FEMALE,2000,Jasmine
FEMALE,2000,Julia
FEMALE,2000,Morgan
FEMALE,2000,Destiny
FEMALE,2000,Rachel
FEMALE,2000,Ella
FEMALE,2000,Kaitlyn
FEMALE,2000,Megan
FEMALE,2000,Katherine
FEMALE,2000,Savannah
FEMALE,2000,Jennifer
FEMALE,2000,Alexandra
FEMALE,2000,Allison
FEMALE,2000,Haley
FEMALE,2000,Maria
FEMALE,2000,Kaylee
FEMALE,2000,Lily
FEMALE,2000,Makayla
FEMALE,2000,Brooke
FEMALE,2000,Nicole
FEMALE,2000,Mackenzie
FEMALE,2000,Addison
FEMALE,2000,Stephanie
FEMALE,2000,Lillian
FEMALE,2000,Andrea
FEMALE,2000,Zoe
FEMALE,2000,Faith
FEMALE,2000,Kimberly
FEMALE,2000,Madeline
FEMALE,2000,Alexa
FEMALE,2000,Katelyn
FEMALE,2000,Gabriella
FEMALE,2000,Gabrielle
FEMALE,2000,Trinity
FEMALE,2000,Amanda
FEMALE,2000,Kylie
FEMALE,2000,Mary
FEMALE,2000,Paige
FEMALE,2000,Riley
FEMALE,2000,Leah
FEMALE,2000,Jenna
FEMALE,2000,Sara
FEMALE,2000,Rebecca
FEMALE,2000,Michelle
FEMALE,2000,Sofia
FEMALE,2000,Vanessa
FEMALE,2000,Jordan
FEMALE,2000,Angelina
FEMALE,2000,Caroline
FEMALE,2000,Avery
FEMALE,2000,Audrey
FEMALE,2000,Evelyn
FEMALE,2000,Maya
FEMALE,2000,Claire
FEMALE,2000,Autumn
FEMALE,2000,Jocelyn
FEMALE,2000,Ariana
FEMALE,2000,Nevaeh
FEMALE,2000,Arianna
FEMALE,2000,Jada
FEMALE,2000,Bailey
FEMALE,2000,Brooklyn
FEMALE,2000,Aaliyah
FEMALE,2000,Amber
FEMALE,2000,Isabel
FEMALE,2000,Mariah
FEMALE,2000,Danielle
FEMALE,2000,Melanie
FEMALE,2000,Sierra
FEMALE,2000,Erin
FEMALE,2000,Molly
FEMALE,2000,Amelia
FEMALE,2000,Isabelle
FEMALE,2000,Madelyn
FEMALE,2000,Melissa
FEMALE,2000,Jacqueline
FEMALE,2000,Marissa
FEMALE,2000,Shelby
FEMALE,2000,Angela
FEMALE,2000,Leslie
FEMALE,2000,Katie
FEMALE,2000,Jade
FEMALE,2000,Catherine
FEMALE,2000,Diana
FEMALE,2000,Aubrey
FEMALE,2000,Mya
FEMALE,2000,Amy
FEMALE,2000,Briana
FEMALE,2000,Sophie
FEMALE,2000,Gabriela
FEMALE,2000,Breanna
FEMALE,2000,Gianna
FEMALE,2000,Kennedy
FEMALE,2000,Gracie
FEMALE,2000,Peyton
FEMALE,2000,Adriana
FEMALE,2000,Christina
FEMALE,2000,Courtney
FEMALE,2000,Daniela
FEMALE,2000,Lydia
FEMALE,2000,Kathryn
FEMALE,2000,Valeria
FEMALE,2000,Layla
FEMALE,2000,Alexandria
FEMALE,2000,Natalia
FEMALE,2000,Angel
FEMALE,2000,Laura
FEMALE,2000,Charlotte
FEMALE,2000,Margaret
FEMALE,2000,Cheyenne
FEMALE,2000,Mikayla
FEMALE,2000,Miranda
FEMALE,2000,Naomi
FEMALE,2000,Kelsey
FEMALE,2000,Payton
FEMALE,2000,Ana
FEMALE,2000,Alicia
FEMALE,2000,Jillian
FEMALE,2000,Daisy
FEMALE,2000,Mckenzie
FEMALE,2000,Ashlyn
FEMALE,2000,Sabrina
FEMALE,2000,Caitlin
FEMALE,2000,Summer
FEMALE,2000,Ruby
FEMALE,2000,Rylee
FEMALE,2000,Valerie
FEMALE,2000,Skylar
FEMALE,2000,Lindsey
FEMALE,2000,Kelly
FEMALE,2000,Genesis
FEMALE,2000,Zoey
FEMALE,2000,Eva
FEMALE,2000,Sadie
FEMALE,2000,Alexia
FEMALE,2000,Cassidy
FEMALE,2000,Kylee
FEMALE,2000,Kendall
FEMALE,2000,Jordyn
FEMALE,2000,Kate
FEMALE,2000,Jayla
FEMALE,2000,Karen
FEMALE,2000,Tiffany
FEMALE,2000,Cassandra
FEMALE,2000,Juliana
FEMALE,2000,Reagan
FEMALE,2000,Caitlyn
FEMALE,2000,Giselle
FEMALE,2000,Serenity
FEMALE,2000,Alondra
FEMALE,2000,Lucy
FEMALE,2000,Bianca
FEMALE,2000,Kiara
FEMALE,2000,Crystal
FEMALE,2000,Erica
FEMALE,2000,Angelica
FEMALE,2000,Hope
FEMALE,2000,Chelsea
FEMALE,2000,Alana
FEMALE,2000,Liliana
FEMALE,2000,Brittany
FEMALE,2000,Camila
FEMALE,2000,Makenzie
FEMALE,2000,Lilly
FEMALE,2000,Veronica
FEMALE,2000,Abby
FEMALE,2000,Jazmin
FEMALE,2000,Adrianna
FEMALE,2000,Delaney
FEMALE,2000,Karina
FEMALE,2000,Ellie
FEMALE,2000,Jasmin
MALE,1880,John
MALE,1880,William
MALE,1880,James
MALE,1880,George
MALE,1880,Charles
MALE,1880,Frank
MALE,1880,Joseph
MALE,1880,Henry
MALE,1880,Robert
MALE,1880,Thomas
MALE,1880,Edward
MALE,1880,Harry
MALE,1880,Walter
MALE,1880,Arthur
MALE,1880,Fred
MALE,1880,Albert
MALE,1880,Samuel
MALE,1880,Clarence
MALE,1880,Louis
MALE,1880,David
MALE,1880,Joe
MALE,1880,Charlie
MALE,1880,Richard
MALE,1880,Ernest
MALE,1880,Roy
MALE,1880,Will
MALE,1880,Andrew
MALE,1880,Jesse
MALE,1880,Oscar
MALE,1880,Willie
MALE,1880,Daniel
MALE,1880,Benjamin
MALE,1880,Carl
MALE,1880,Sam
MALE,1880,Alfred
MALE,1880,Earl
MALE,1880,Peter
MALE,1880,Elmer
MALE,1880,Frederick
MALE,1880,Howard
MALE,1880,Lewis
MALE,1880,Ralph
MALE,1880,Herbert
MALE,1880,Paul
MALE,1880,Lee
MALE,1880,Tom
MALE,1880,Herman
MALE,1880,Martin
MALE,1880,Jacob
MALE,1880,Michael
MALE,1880,Jim
MALE,1880,Claude
MALE,1880,Ben
MALE,1880,Eugene
MALE,1880,Francis
MALE,1880,Grover
MALE,1880,Raymond
MALE,1880,Harvey
MALE,1880,Clyde
MALE,1880,Edwin
MALE,1880,Edgar
MALE,1880,Ed
MALE,1880,Lawrence
MALE,1880,Bert
MALE,1880,Chester
MALE,1880,Jack
MALE,1880,Otto
MALE,1880,Luther
MALE,1880,Charley
MALE,1880,Guy
MALE,1880,Floyd
MALE,1880,Ira
MALE,1880,Ray
MALE,1880,Hugh
MALE,1880,Isaac
MALE,1880,Oliver
MALE,1880,Patrick
MALE,1880,Homer
MALE,1880,Theodore
MALE,1880,Leonard
MALE,1880,Leo
MALE,1880,Alexander
MALE,1880,August
MALE,1880,Harold
MALE,1880,Allen
MALE,1880,Jessie
MALE,1880,Archie
MALE,1880,Philip
MALE,1880,Stephen
MALE,1880,Horace
MALE,1880,Marion
MALE,1880,Bernard
MALE,1880,Anthony
MALE,1880,Julius
MALE,1880,Warren
MALE,1880,Leroy
MALE,1880,Clifford
MALE,1880,Eddie
MALE,1880,Sidney
MALE,1880,Milton
MALE,1880,Leon
MALE,1880,Alex
MALE,1880,Lester
MALE,1880,Emil
MALE,1880,Dan
MALE,1880,Willis
MALE,1880,Everett
MALE,1880,Dave
MALE,1880,Leslie
MALE,1880,Rufus
MALE,1880,Alvin
MALE,1880,Perry
MALE,1880,Lloyd
MALE,1880,Victor
MALE,1880,Calvin
MALE,1880,Harrison
MALE,1880,Norman
MALE,1880,Wesley
MALE,1880,Jess
MALE,1880,Percy
MALE,1880,Amos
MALE,1880,Dennis
MALE,1880,Jerry
MALE,1880,Nathan
MALE,1880,Franklin
MALE,1880,Alonzo
MALE,1880,Matthew
MALE,1880,Mack
MALE,1880,Earnest
MALE,1880,Gus
MALE,1880,Russell
MALE,1880,Adam
MALE,1880,Jay
MALE,1880,Wallace
MALE,1880,Otis
MALE,1880,Stanley
MALE,1880,Adolph
MALE,1880,Jake
MALE,1880,Roscoe
MALE,1880,Maurice
MALE,1880,Melvin
MALE,1880,Gilbert
MALE,1880,Ross
MALE,1880,Willard
MALE,1880,Mark
MALE,1880,Levi
MALE,1880,Wilbur
MALE,1880,Cornelius
MALE,1880,Jose
MALE,1880,Aaron
MALE,1880,Elbert
MALE,1880,Emmett
MALE,1880,Phillip
MALE,1880,Morris
MALE,1880,Noah
MALE,1880,Claud
MALE,1880,Clinton
MALE,1880,Felix
MALE,1880,Moses
MALE,1880,Elijah
MALE,1880,Nelson
MALE,1880,Simon
MALE,1880,Lonnie
MALE,1880,Virgil
MALE,1880,Hiram
MALE,1880,Jasper
MALE,1880,Marshall
MALE,1880,Manuel
MALE,1880,Sylvester
MALE,1880,Fredrick
MALE,1880,Mike
MALE,1880,Abraham
MALE,1880,Silas
MALE,1880,Irvin
MALE,1880,Max
MALE,1880,Owen
MALE,1880,Christopher
MALE,1880,Reuben
MALE,1880,Glenn
MALE,1880,Nicholas
MALE,1880,Ellis
MALE,1880,Marvin
MALE,1880,Wiley
MALE,1880,Eli
MALE,1880,Edmund
MALE,1880,Ollie
MALE,1880,Cecil
MALE,1880,Cleveland
MALE,1880,Curtis
MALE,1880,Timothy
MALE,1880,Harley
MALE,1880,Jeff
MALE,1880,Anton
MALE,1880,Alva
MALE,1880,Wilson
MALE,1880,Irving
MALE,1880,Clayton
MALE,1880,Rudolph
MALE,1880,Vernon
MALE,1880,Hubert
MALE,1890,John
MALE,1890,William
MALE,1890,James
MALE,1890,George
MALE,1890,Charles
MALE,1890,Joseph
MALE,1890,Frank
MALE,1890,Robert
MALE,1890,Edward
MALE,1890,Henry
MALE,1890,Harry
MALE,1890,Thomas
MALE,1890,Walter
MALE,1890,Arthur
MALE,1890,Fred
MALE,1890,Albert
MALE,1890,Clarence
MALE,1890,Willie
MALE,1890,Roy
MALE,1890,Louis
MALE,1890,Earl
MALE,1890,Paul
MALE,1890,Carl
MALE,1890,Ernest
MALE,1890,Samuel
MALE,1890,Richard
MALE,1890,Raymond
MALE,1890,Joe
MALE,1890,David
MALE,1890,Charlie
MALE,1890,Harold
MALE,1890,Ralph
MALE,1890,Howard
MALE,1890,Andrew
MALE,1890,Herbert
MALE,1890,Elmer
MALE,1890,Oscar
MALE,1890,Jesse
MALE,1890,Alfred
MALE,1890,Will
MALE,1890,Daniel
MALE,1890,Sam
MALE,1890,Leo
MALE,1890,Jack
MALE,1890,Lawrence
MALE,1890,Francis
MALE,1890,Benjamin
MALE,1890,Lee
MALE,1890,Eugene
MALE,1890,Herman
MALE,1890,Peter
MALE,1890,Frederick
MALE,1890,Floyd
MALE,1890,Michael
MALE,1890,Ray
MALE,1890,Lewis
MALE,1890,Claude
MALE,1890,Clyde
MALE,1890,Edwin
MALE,1890,Tom
MALE,1890,Martin
MALE,1890,Leonard
MALE,1890,Ben
MALE,1890,Chester
MALE,1890,Edgar
MALE,1890,Jim
MALE,1890,Harvey
MALE,1890,Russell
MALE,1890,Clifford
MALE,1890,Lester
MALE,1890,Luther
MALE,1890,Homer
MALE,1890,Jacob
MALE,1890,Leroy
MALE,1890,Otto
MALE,1890,Guy
MALE,1890,Lloyd
MALE,1890,Anthony
MALE,1890,Jessie
MALE,1890,Hugh
MALE,1890,Ed
MALE,1890,Bernard
MALE,1890,Theodore
MALE,1890,Stanley
MALE,1890,Eddie
MALE,1890,Patrick
MALE,1890,Philip
MALE,1890,Leon
MALE,1890,Archie
MALE,1890,Leslie
MALE,1890,Oliver
MALE,1890,Allen
MALE,1890,Alexander
MALE,1890,Dewey
MALE,1890,Ira
MALE,1890,Everett
MALE,1890,Norman
MALE,1890,Horace
MALE,1890,Victor
MALE,1890,Cecil
MALE,1890,Donald
MALE,1890,Charley
MALE,1890,Milton
MALE,1890,Isaac
MALE,1890,Stephen
MALE,1890,Julius
MALE,1890,August
MALE,1890,Alvin
MALE,1890,Bert
MALE,1890,Sidney
MALE,1890,Percy
MALE,1890,Marion
MALE,1890,Glenn
MALE,1890,Grover
MALE,1890,Warren
MALE,1890,Alex
MALE,1890,Emil
MALE,1890,Earnest
MALE,1890,Mack
MALE,1890,Wesley
MALE,1890,Otis
MALE,1890,Virgil
MALE,1890,Willis
MALE,1890,Melvin
MALE,1890,Kenneth
MALE,1890,Rufus
MALE,1890,Dave
MALE,1890,Dan
MALE,1890,Maurice
MALE,1890,Willard
MALE,1890,Lonnie
MALE,1890,Morris
MALE,1890,Gilbert
MALE,1890,Vernon
MALE,1890,Wallace
MALE,1890,Nathan
MALE,1890,Johnnie
MALE,1890,Wilbur
MALE,1890,Jerry
MALE,1890,Emmett
MALE,1890,Matthew
MALE,1890,Max
MALE,1890,Calvin
MALE,1890,Marvin
MALE,1890,Hubert
MALE,1890,Vincent
MALE,1890,Amos
MALE,1890,Jess
MALE,1890,Rudolph
MALE,1890,Harrison
MALE,1890,Perry
MALE,1890,Franklin
MALE,1890,Sylvester
MALE,1890,Glen
MALE,1890,Mark
MALE,1890,Manuel
MALE,1890,Jose
MALE,1890,Adolph
MALE,1890,Gordon
MALE,1890,Curtis
MALE,1890,Nelson
MALE,1890,Dennis
MALE,1890,Jay
MALE,1890,Ollie
MALE,1890,Marshall
MALE,1890,Elbert
MALE,1890,Felix
MALE,1890,Irving
MALE,1890,Bennie
MALE,1890,Jake
MALE,1890,Ellis
MALE,1890,Gus
MALE,1890,Phillip
MALE,1890,Alonzo
MALE,1890,Roland
MALE,1890,Orville
MALE,1890,Edmund
MALE,1890,Adam
MALE,1890,Arnold
MALE,1890,Clinton
MALE,1890,Nicholas
MALE,1890,Cornelius
MALE,1890,Ross
MALE,1890,Roscoe
MALE,1890,Abraham
MALE,1890,Aaron
MALE,1890,Mike
MALE,1890,Reuben
MALE,1890,Claud
MALE,1890,Clifton
MALE,1890,Bill
MALE,1890,Irvin
MALE,1890,Sherman
MALE,1890,Owen
MALE,1890,Gerald
MALE,1890,Clayton
MALE,1890,Steve
MALE,1890,Moses
MALE,1890,Simon
MALE,1890,Jasper
MALE,1900,John
MALE,1900,William
MALE,1900,James
MALE,1900,George
MALE,1900,Charles
MALE,1900,Robert
MALE,1900,Joseph
MALE,1900,Frank
MALE,1900,Edward
MALE,1900,Thomas
MALE,1900,Henry
MALE,1900,Walter
MALE,1900,Harry
MALE,1900,Willie
MALE,1900,Arthur
MALE,1900,Albert
MALE,1900,Clarence
MALE,1900,Fred
MALE,1900,Harold
MALE,1900,Paul
MALE,1900,Raymond
MALE,1900,Richard
MALE,1900,Roy
MALE,1900,Joe
MALE,1900,Louis
MALE,1900,Carl
MALE,1900,Ralph
MALE,1900,Earl
MALE,1900,Jack
MALE,1900,Ernest
MALE,1900,David
MALE,1900,Samuel
MALE,1900,Howard
MALE,1900,Charlie
MALE,1900,Francis
MALE,1900,Herbert
MALE,1900,Lawrence
MALE,1900,Theodore
MALE,1900,Alfred
MALE,1900,Andrew
MALE,1900,Elmer
MALE,1900,Sam
MALE,1900,Eugene
MALE,1900,Leo
MALE,1900,Michael
MALE,1900,Lee
MALE,1900,Herman
MALE,1900,Anthony
MALE,1900,Daniel
MALE,1900,Leonard
MALE,1900,Floyd
MALE,1900,Donald
MALE,1900,Kenneth
MALE,1900,Jesse
MALE,1900,Russell
MALE,1900,Clyde
MALE,1900,Oscar
MALE,1900,Peter
MALE,1900,Lester
MALE,1900,Leroy
MALE,1900,Ray
MALE,1900,Stanley
MALE,1900,Clifford
MALE,1900,Lewis
MALE,1900,Benjamin
MALE,1900,Edwin
MALE,1900,Frederick
MALE,1900,Chester
MALE,1900,Claude
MALE,1900,Eddie
MALE,1900,Cecil
MALE,1900,Lloyd
MALE,1900,Jessie
MALE,1900,Martin
MALE,1900,Bernard
MALE,1900,Tom
MALE,1900,Will
MALE,1900,Norman
MALE,1900,Edgar
MALE,1900,Harvey
MALE,1900,Ben
MALE,1900,Homer
MALE,1900,Luther
MALE,1900,Leon
MALE,1900,Melvin
MALE,1900,Philip
MALE,1900,Johnnie
MALE,1900,Jim
MALE,1900,Milton
MALE,1900,Everett
MALE,1900,Allen
MALE,1900,Leslie
MALE,1900,Alvin
MALE,1900,Victor
MALE,1900,Marvin
MALE,1900,Stephen
MALE,1900,Alexander
MALE,1900,Jacob
MALE,1900,Hugh
MALE,1900,Patrick
MALE,1900,Virgil
MALE,1900,Horace
MALE,1900,Glenn
MALE,1900,Oliver
MALE,1900,Morris
MALE,1900,Vernon
MALE,1900,Archie
MALE,1900,Julius
MALE,1900,Gerald
MALE,1900,Maurice
MALE,1900,Sidney
MALE,1900,Marion
MALE,1900,Otis
MALE,1900,Vincent
MALE,1900,Guy
MALE,1900,Earnest
MALE,1900,Wilbur
MALE,1900,Gilbert
MALE,1900,Willard
MALE,1900,Ed
MALE,1900,Roosevelt
MALE,1900,Hubert
MALE,1900,Manuel
MALE,1900,Warren
MALE,1900,Otto
MALE,1900,Alex
MALE,1900,Ira
MALE,1900,Wesley
MALE,1900,Curtis
MALE,1900,Wallace
MALE,1900,Lonnie
MALE,1900,Gordon
MALE,1900,Isaac
MALE,1900,Jerry
MALE,1900,Charley
MALE,1900,Jose
MALE,1900,Nathan
MALE,1900,Max
MALE,1900,Mack
MALE,1900,Rufus
MALE,1900,Arnold
MALE,1900,Irving
MALE,1900,Percy
MALE,1900,Bill
MALE,1900,Dan
MALE,1900,Willis
MALE,1900,Bennie
MALE,1900,Jimmie
MALE,1900,Orville
MALE,1900,Sylvester
MALE,1900,Rudolph
MALE,1900,Glen
MALE,1900,Nicholas
MALE,1900,Dewey
MALE,1900,Emil
MALE,1900,Roland
MALE,1900,Steve
MALE,1900,Calvin
MALE,1900,Mike
MALE,1900,Johnie
MALE,1900,Bert
MALE,1900,August
MALE,1900,Clifton
MALE,1900,Franklin
MALE,1900,Matthew
MALE,1900,Emmett
MALE,1900,Phillip
MALE,1900,Wayne
MALE,1900,Edmund
MALE,1900,Abraham
MALE,1900,Nathaniel
MALE,1900,Marshall
MALE,1900,Dave
MALE,1900,Elbert
MALE,1900,Clinton
MALE,1900,Felix
MALE,1900,Alton
MALE,1900,Ellis
MALE,1900,Nelson
MALE,1900,Amos
MALE,1900,Clayton
MALE,1900,Aaron
MALE,1900,Perry
MALE,1900,Adam
MALE,1900,Tony
MALE,1900,Irvin
MALE,1900,Jake
MALE,1900,Dennis
MALE,1900,Jerome
MALE,1900,Mark
MALE,1900,Cornelius
MALE,1900,Ollie
MALE,1900,Douglas
MALE,1900,Pete
MALE,1900,Ted
MALE,1900,Adolph
MALE,1900,Roger
MALE,1900,Jay
MALE,1900,Roscoe
MALE,1900,Juan
MALE,1910,John
MALE,1910,William
MALE,1910,James
MALE,1910,Robert
MALE,1910,Joseph
MALE,1910,George
MALE,1910,Charles
MALE,1910,Edward
MALE,1910,Frank
MALE,1910,Thomas
MALE,1910,Walter
MALE,1910,Harold
MALE,1910,Henry
MALE,1910,Paul
MALE,1910,Richard
MALE,1910,Raymond
MALE,1910,Albert
MALE,1910,Arthur
MALE,1910,Harry
MALE,1910,Donald
MALE,1910,Ralph
MALE,1910,Louis
MALE,1910,Jack
MALE,1910,Clarence
MALE,1910,Carl
MALE,1910,Willie
MALE,1910,Howard
MALE,1910,Fred
MALE,1910,David
MALE,1910,Kenneth
MALE,1910,Francis
MALE,1910,Roy
MALE,1910,Earl
MALE,1910,Joe
MALE,1910,Ernest
MALE,1910,Lawrence
MALE,1910,Stanley
MALE,1910,Anthony
MALE,1910,Eugene
MALE,1910,Samuel
MALE,1910,Herbert
MALE,1910,Alfred
MALE,1910,Leonard
MALE,1910,Michael
MALE,1910,Elmer
MALE,1910,Andrew
MALE,1910,Leo
MALE,1910,Bernard
MALE,1910,Norman
MALE,1910,Peter
MALE,1910,Russell
MALE,1910,Daniel
MALE,1910,Edwin
MALE,1910,Frederick
MALE,1910,Chester
MALE,1910,Herman
MALE,1910,Lloyd
MALE,1910,Melvin
MALE,1910,Lester
MALE,1910,Floyd
MALE,1910,Leroy
MALE,1910,Theodore
MALE,1910,Clifford
MALE,1910,Clyde
MALE,1910,Charlie
MALE,1910,Sam
MALE,1910,Woodrow
MALE,1910,Vincent
MALE,1910,Philip
MALE,1910,Marvin
MALE,1910,Ray
MALE,1910,Lewis
MALE,1910,Milton
MALE,1910,Benjamin
MALE,1910,Victor
MALE,1910,Vernon
MALE,1910,Gerald
MALE,1910,Jesse
MALE,1910,Martin
MALE,1910,Cecil
MALE,1910,Alvin
MALE,1910,Lee
MALE,1910,Willard
MALE,1910,Leon
MALE,1910,Oscar
MALE,1910,Glenn
MALE,1910,Edgar
MALE,1910,Gordon
MALE,1910,Stephen
MALE,1910,Harvey
MALE,1910,Sidney
MALE,1910,Claude
MALE,1910,Everett
MALE,1910,Arnold
MALE,1910,Morris
MALE,1910,Wilbur
MALE,1910,Warren
MALE,1910,Wayne
MALE,1910,Allen
MALE,1910,Homer
MALE,1910,Maurice
MALE,1910,Alexander
MALE,1910,Max
MALE,1910,Virgil
MALE,1910,Gilbert
MALE,1910,Irving
MALE,1910,Leslie
MALE,1910,Eddie
MALE,1910,Johnnie
MALE,1910,Nicholas
MALE,1910,Hugh
MALE,1910,Julius
MALE,1910,Jessie
MALE,1910,Marion
MALE,1910,Luther
MALE,1910,Steve
MALE,1910,Hubert
MALE,1910,Ben
MALE,1910,Curtis
MALE,1910,Roland
MALE,1910,Jacob
MALE,1910,Wallace
MALE,1910,Oliver
MALE,1910,Glen
MALE,1910,Horace
MALE,1910,Roger
MALE,1910,Manuel
MALE,1910,Dale
MALE,1910,Franklin
MALE,1910,Mike
MALE,1910,Orville
MALE,1910,Alex
MALE,1910,Tom
MALE,1910,Wesley
MALE,1910,Tony
MALE,1910,Edmund
MALE,1910,Jerome
MALE,1910,Willis
MALE,1910,Nathan
MALE,1910,Otis
MALE,1910,Archie
MALE,1910,Douglas
MALE,1910,Earnest
MALE,1910,Rudolph
MALE,1910,Wilson
MALE,1910,Emil
MALE,1910,Guy
MALE,1910,Bill
MALE,1910,Jerry
MALE,1910,Matthew
MALE,1910,Patrick
MALE,1910,Ira
MALE,1910,Clifton
MALE,1910,Angelo
MALE,1910,Abraham
MALE,1910,Salvatore
MALE,1910,Jose
MALE,1910,Jim
MALE,1910,Jimmie
MALE,1910,Calvin
MALE,1910,Don
MALE,1910,Lyle
MALE,1910,Bennie
MALE,1910,Clayton
MALE,1910,Marshall
MALE,1910,Bruce
MALE,1910,Otto
MALE,1910,Sylvester
MALE,1910,Ronald
MALE,1910,Clinton
MALE,1910,Wilbert
MALE,1910,Irvin
MALE,1910,Delbert
MALE,1910,Phillip
MALE,1910,Ervin
MALE,1910,Elbert
MALE,1910,Wilfred
MALE,1910,Isaac
MALE,1910,Ivan
MALE,1910,Felix
MALE,1910,Rufus
MALE,1910,August
MALE,1910,Forrest
MALE,1910,Nathaniel
MALE,1910,Dan
MALE,1910,Nelson
MALE,1910,Karl
MALE,1910,Nick
MALE,1910,Julian
MALE,1910,Merle
MALE,1910,Aaron
MALE,1910,Lonnie
MALE,1910,Adolph
MALE,1910,Adam
MALE,1910,Jay
MALE,1910,Ellis
MALE,1910,Alton
MALE,1910,Leland
MALE,1910,Pete
MALE,1910,Bert
MALE,1920,Robert
MALE,1920,John
MALE,1920,James
MALE,1920,William
MALE,1920,Charles
MALE,1920,George
MALE,1920,Joseph
MALE,1920,Richard
MALE,1920,Edward
MALE,1920,Donald
MALE,1920,Thomas
MALE,1920,Frank
MALE,1920,Harold
MALE,1920,Paul
MALE,1920,Raymond
MALE,1920,Walter
MALE,1920,Jack
MALE,1920,Henry
MALE,1920,Kenneth
MALE,1920,Arthur
MALE,1920,Albert
MALE,1920,David
MALE,1920,Harry
MALE,1920,Eugene
MALE,1920,Ralph
MALE,1920,Howard
MALE,1920,Carl
MALE,1920,Willie
MALE,1920,Louis
MALE,1920,Clarence
MALE,1920,Earl
MALE,1920,Roy
MALE,1920,Fred
MALE,1920,Joe
MALE,1920,Francis
MALE,1920,Lawrence
MALE,1920,Herbert
MALE,1920,Leonard
MALE,1920,Ernest
MALE,1920,Alfred
MALE,1920,Anthony
MALE,1920,Stanley
MALE,1920,Norman
MALE,1920,Gerald
MALE,1920,Daniel
MALE,1920,Samuel
MALE,1920,Bernard
MALE,1920,Billy
MALE,1920,Melvin
MALE,1920,Marvin
MALE,1920,Warren
MALE,1920,Michael
MALE,1920,Leroy
MALE,1920,Russell
MALE,1920,Leo
MALE,1920,Andrew
MALE,1920,Edwin
MALE,1920,Elmer
MALE,1920,Peter
MALE,1920,Floyd
MALE,1920,Lloyd
MALE,1920,Ray
MALE,1920,Frederick
MALE,1920,Theodore
MALE,1920,Clifford
MALE,1920,Vernon
MALE,1920,Herman
MALE,1920,Clyde
MALE,1920,Chester
MALE,1920,Philip
MALE,1920,Alvin
MALE,1920,Lester
MALE,1920,Wayne
MALE,1920,Vincent
MALE,1920,Gordon
MALE,1920,Leon
MALE,1920,Lewis
MALE,1920,Charlie
MALE,1920,Glenn
MALE,1920,Calvin
MALE,1920,Martin
MALE,1920,Milton
MALE,1920,Lee
MALE,1920,Jesse
MALE,1920,Dale
MALE,1920,Cecil
MALE,1920,Bill
MALE,1920,Harvey
MALE,1920,Roger
MALE,1920,Victor
MALE,1920,Benjamin
MALE,1920,Wallace
MALE,1920,Ronald
MALE,1920,Sam
MALE,1920,Allen
MALE,1920,Arnold
MALE,1920,Willard
MALE,1920,Gilbert
MALE,1920,Edgar
MALE,1920,Oscar
MALE,1920,Gene
MALE,1920,Jerry
MALE,1920,Douglas
MALE,1920,Johnnie
MALE,1920,Claude
MALE,1920,Don
MALE,1920,Eddie
MALE,1920,Roland
MALE,1920,Everett
MALE,1920,Maurice
MALE,1920,Curtis
MALE,1920,Marion
MALE,1920,Virgil
MALE,1920,Wilbur
MALE,1920,Manuel
MALE,1920,Stephen
MALE,1920,Jerome
MALE,1920,Homer
MALE,1920,Leslie
MALE,1920,Glen
MALE,1920,Jessie
MALE,1920,Hubert
MALE,1920,Jose
MALE,1920,Jimmie
MALE,1920,Sidney
MALE,1920,Morris
MALE,1920,Hugh
MALE,1920,Max
MALE,1920,Bobby
MALE,1920,Bob
MALE,1920,Nicholas
MALE,1920,Luther
MALE,1920,Bruce
MALE,1920,Junior
MALE,1920,Wesley
MALE,1920,Rudolph
MALE,1920,Alexander
MALE,1920,Franklin
MALE,1920,Tom
MALE,1920,Irving
MALE,1920,Horace
MALE,1920,Willis
MALE,1920,Patrick
MALE,1920,Steve
MALE,1920,Johnny
MALE,1920,Dean
MALE,1920,Julius
MALE,1920,Keith
MALE,1920,Oliver
MALE,1920,Earnest
MALE,1920,Ben
MALE,1920,Jim
MALE,1920,Tony
MALE,1920,Edmund
MALE,1920,Lyle
MALE,1920,Guy
MALE,1920,Salvatore
MALE,1920,Orville
MALE,1920,Delbert
MALE,1920,Billie
MALE,1920,Phillip
MALE,1920,Clayton
MALE,1920,Otis
MALE,1920,Archie
MALE,1920,Alex
MALE,1920,Angelo
MALE,1920,Mike
MALE,1920,Jacob
MALE,1920,Clifton
MALE,1920,Bennie
MALE,1920,Duane
MALE,1920,Matthew
MALE,1920,Clinton
MALE,1920,Dennis
MALE,1920,Wilbert
MALE,1920,Dan
MALE,1920,Jay
MALE,1920,Marshall
MALE,1920,Leland
MALE,1920,Merle
MALE,1920,Ira
MALE,1920,Nathaniel
MALE,1920,Ivan
MALE,1920,Ervin
MALE,1920,Jimmy
MALE,1920,Irvin
MALE,1920,Alton
MALE,1920,Lowell
MALE,1920,Dewey
MALE,1920,Larry
MALE,1920,Emil
MALE,1920,Antonio
MALE,1920,Wilfred
MALE,1920,Elbert
MALE,1920,Juan
MALE,1920,Alan
MALE,1920,Allan
MALE,1920,Lonnie
MALE,1920,Nelson
MALE,1920,Forrest
MALE,1930,Robert
MALE,1930,James
MALE,1930,John
MALE,1930,William
MALE,1930,Richard
MALE,1930,Charles
MALE,1930,Donald
MALE,1930,George
MALE,1930,Thomas
MALE,1930,Joseph
MALE,1930,David
MALE,1930,Edward
MALE,1930,Ronald
MALE,1930,Paul
MALE,1930,Kenneth
MALE,1930,Frank
MALE,1930,Raymond
MALE,1930,Jack
MALE,1930,Harold
MALE,1930,Billy
MALE,1930,Gerald
MALE,1930,Walter
MALE,1930,Jerry
MALE,1930,Joe
MALE,1930,Eugene
MALE,1930,Henry
MALE,1930,Bobby
MALE,1930,Arthur
MALE,1930,Carl
MALE,1930,Larry
MALE,1930,Ralph
MALE,1930,Albert
MALE,1930,Willie
MALE,1930,Fred
MALE,1930,Michael
MALE,1930,Lawrence
MALE,1930,Harry
MALE,1930,Howard
MALE,1930,Roy
MALE,1930,Norman
MALE,1930,Roger
MALE,1930,Daniel
MALE,1930,Louis
MALE,1930,Earl
MALE,1930,Gary
MALE,1930,Clarence
MALE,1930,Anthony
MALE,1930,Francis
MALE,1930,Wayne
MALE,1930,Marvin
MALE,1930,Ernest
MALE,1930,Leonard
MALE,1930,Herbert
MALE,1930,Melvin
MALE,1930,Stanley
MALE,1930,Leroy
MALE,1930,Don
MALE,1930,Peter
MALE,1930,Jimmy
MALE,1930,Alfred
MALE,1930,Dale
MALE,1930,Bill
MALE,1930,Samuel
MALE,1930,Bernard
MALE,1930,Ray
MALE,1930,Gene
MALE,1930,Philip
MALE,1930,Russell
MALE,1930,Frederick
MALE,1930,Franklin
MALE,1930,Dennis
MALE,1930,Douglas
MALE,1930,Jimmie
MALE,1930,Gordon
MALE,1930,Andrew
MALE,1930,Theodore
MALE,1930,Floyd
MALE,1930,Johnny
MALE,1930,Allen
MALE,1930,Glenn
MALE,1930,Bruce
MALE,1930,Edwin
MALE,1930,Lee
MALE,1930,Lloyd
MALE,1930,Bob
MALE,1930,Clifford
MALE,1930,Leon
MALE,1930,Leo
MALE,1930,Clyde
MALE,1930,Eddie
MALE,1930,Vernon
MALE,1930,Martin
MALE,1930,Alvin
MALE,1930,Jim
MALE,1930,Herman
MALE,1930,Lewis
MALE,1930,Harvey
MALE,1930,Tommy
MALE,1930,Vincent
MALE,1930,Charlie
MALE,1930,Warren
MALE,1930,Jerome
MALE,1930,Jesse
MALE,1930,Patrick
MALE,1930,Stephen
MALE,1930,Curtis
MALE,1930,Arnold
MALE,1930,Gilbert
MALE,1930,Elmer
MALE,1930,Lester
MALE,1930,Duane
MALE,1930,Phillip
MALE,1930,Cecil
MALE,1930,Tom
MALE,1930,Alan
MALE,1930,Milton
MALE,1930,Jackie
MALE,1930,Victor
MALE,1930,Johnnie
MALE,1930,Roland
MALE,1930,Benjamin
MALE,1930,Glen
MALE,1930,Chester
MALE,1930,Calvin
MALE,1930,Keith
MALE,1930,Dean
MALE,1930,Sam
MALE,1930,Wallace
MALE,1930,Claude
MALE,1930,Maurice
MALE,1930,Willard
MALE,1930,Manuel
MALE,1930,Jose
MALE,1930,Leslie
MALE,1930,Marion
MALE,1930,Edgar
MALE,1930,Max
MALE,1930,Hugh
MALE,1930,Oscar
MALE,1930,Allan
MALE,1930,Virgil
MALE,1930,Jessie
MALE,1930,Darrell
MALE,1930,Terry
MALE,1930,Everett
MALE,1930,Wesley
MALE,1930,Ted
MALE,1930,Freddie
MALE,1930,Jay
MALE,1930,Dick
MALE,1930,Hubert
MALE,1930,Nicholas
MALE,1930,Billie
MALE,1930,Rodney
MALE,1930,Lowell
MALE,1930,Dan
MALE,1930,Neil
MALE,1930,Sidney
MALE,1930,Homer
MALE,1930,Delbert
MALE,1930,Tony
MALE,1930,Morris
MALE,1930,Lyle
MALE,1930,Wilbur
MALE,1930,Luther
MALE,1930,Earnest
MALE,1930,Ronnie
MALE,1930,Bennie
MALE,1930,Joel
MALE,1930,Ben
MALE,1930,Steve
MALE,1930,Rudolph
MALE,1930,Willis
MALE,1930,Horace
MALE,1930,Lonnie
MALE,1930,Mike
MALE,1930,Junior
MALE,1930,Carroll
MALE,1930,Karl
MALE,1930,Guy
MALE,1930,Roosevelt
MALE,1930,Otis
MALE,1930,Mark
MALE,1930,Nathaniel
MALE,1930,Danny
MALE,1930,Alton
MALE,1930,Marshall
MALE,1930,Clayton
MALE,1930,Alexander
MALE,1930,Benny
MALE,1930,Clifton
MALE,1930,Archie
MALE,1930,Oliver
MALE,1930,Clinton
MALE,1930,Barry
MALE,1930,Juan
MALE,1930,Salvatore
MALE,1930,Nelson
MALE,1930,Jon
MALE,1930,Alex
MALE,1940,James
MALE,1940,Robert
MALE,1940,John
MALE,1940,William
MALE,1940,Richard
MALE,1940,David
MALE,1940,Charles
MALE,1940,Thomas
MALE,1940,Michael
MALE,1940,Ronald
MALE,1940,Larry
MALE,1940,Donald
MALE,1940,Joseph
MALE,1940,Gary
MALE,1940,George
MALE,1940,Kenneth
MALE,1940,Paul
MALE,1940,Edward
MALE,1940,Jerry
MALE,1940,Dennis
MALE,1940,Frank
MALE,1940,Daniel
MALE,1940,Raymond
MALE,1940,Roger
MALE,1940,Stephen
MALE,1940,Gerald
MALE,1940,Walter
MALE,1940,Harold
MALE,1940,Steven
MALE,1940,Douglas
MALE,1940,Lawrence
MALE,1940,Terry
MALE,1940,Wayne
MALE,1940,Arthur
MALE,1940,Jack
MALE,1940,Carl
MALE,1940,Henry
MALE,1940,Willie
MALE,1940,Bruce
MALE,1940,Joe
MALE,1940,Peter
MALE,1940,Billy
MALE,1940,Roy
MALE,1940,Ralph
MALE,1940,Anthony
MALE,1940,Jimmy
MALE,1940,Albert
MALE,1940,Bobby
MALE,1940,Eugene
MALE,1940,Johnny
MALE,1940,Fred
MALE,1940,Harry
MALE,1940,Howard
MALE,1940,Mark
MALE,1940,Alan
MALE,1940,Louis
MALE,1940,Philip
MALE,1940,Patrick
MALE,1940,Dale
MALE,1940,Danny
MALE,1940,Stanley
MALE,1940,Leonard
MALE,1940,Timothy
MALE,1940,Gregory
MALE,1940,Samuel
MALE,1940,Ronnie
MALE,1940,Norman
MALE,1940,Ernest
MALE,1940,Russell
MALE,1940,Francis
MALE,1940,Melvin
MALE,1940,Earl
MALE,1940,Frederick
MALE,1940,Allen
MALE,1940,Bill
MALE,1940,Tommy
MALE,1940,Phillip
MALE,1940,Marvin
MALE,1940,Steve
MALE,1940,Don
MALE,1940,Barry
MALE,1940,Clarence
MALE,1940,Glenn
MALE,1940,Jim
MALE,1940,Eddie
MALE,1940,Mike
MALE,1940,Andrew
MALE,1940,Jeffrey
MALE,1940,Leroy
MALE,1940,Alfred
MALE,1940,Martin
MALE,1940,Lee
MALE,1940,Tom
MALE,1940,Ray
MALE,1940,Herbert
MALE,1940,Gene
MALE,1940,Bernard
MALE,1940,Theodore
MALE,1940,Curtis
MALE,1940,Keith
MALE,1940,Clifford
MALE,1940,Rodney
MALE,1940,Gordon
MALE,1940,Jimmie
MALE,1940,Jesse
MALE,1940,Vincent
MALE,1940,Warren
MALE,1940,Lloyd
MALE,1940,Leon
MALE,1940,Jerome
MALE,1940,Edwin
MALE,1940,Brian
MALE,1940,Victor
MALE,1940,Bob
MALE,1940,Floyd
MALE,1940,Lewis
MALE,1940,Harvey
MALE,1940,Alvin
MALE,1940,Clyde
MALE,1940,Craig
MALE,1940,Vernon
MALE,1940,Leslie
MALE,1940,Franklin
MALE,1940,Calvin
MALE,1940,Jon
MALE,1940,Jay
MALE,1940,Charlie
MALE,1940,Darrell
MALE,1940,Jackie
MALE,1940,Dan
MALE,1940,Allan
MALE,1940,Randall
MALE,1940,Joel
MALE,1940,Gilbert
MALE,1940,Benjamin
MALE,1940,Lester
MALE,1940,Duane
MALE,1940,Tony
MALE,1940,Leo
MALE,1940,Herman
MALE,1940,Jose
MALE,1940,Glen
MALE,1940,Johnnie
MALE,1940,Dean
MALE,1940,Arnold
MALE,1940,Lonnie
MALE,1940,Christopher
MALE,1940,Nicholas
MALE,1940,Freddie
MALE,1940,Chester
MALE,1940,Eric
MALE,1940,Milton
MALE,1940,Cecil
MALE,1940,Lynn
MALE,1940,Manuel
MALE,1940,Randy
MALE,1940,Roland
MALE,1940,Ted
MALE,1940,Dwight
MALE,1940,Claude
MALE,1940,Wesley
MALE,1940,Neil
MALE,1940,Sam
MALE,1940,Scott
MALE,1940,Dave
MALE,1940,Wallace
MALE,1940,Kevin
MALE,1940,Hugh
MALE,1940,Donnie
MALE,1940,Elmer
MALE,1940,Micheal
MALE,1940,Willard
MALE,1940,Juan
MALE,1940,Maurice
MALE,1940,Garry
MALE,1940,Jessie
MALE,1940,Marshall
MALE,1940,Oscar
MALE,1940,Edgar
MALE,1940,Karl
MALE,1940,Marion
MALE,1940,Sidney
MALE,1940,Stuart
MALE,1940,Nathaniel
MALE,1940,Alexander
MALE,1940,Sammy
MALE,1940,Everett
MALE,1940,Benny
MALE,1940,Virgil
MALE,1940,Guy
MALE,1940,Morris
MALE,1940,Matthew
MALE,1940,Earnest
MALE,1940,Lyle
MALE,1940,Max
MALE,1940,Bennie
MALE,1940,Wendell
MALE,1940,Kent
MALE,1940,Jonathan
MALE,1940,Fredrick
MALE,1950,James
MALE,1950,Michael
MALE,1950,Robert
MALE,1950,John
MALE,1950,David
MALE,1950,William
MALE,1950,Richard
MALE,1950,Thomas
MALE,1950,Mark
MALE,1950,Charles
MALE,1950,Steven
MALE,1950,Gary
MALE,1950,Joseph
MALE,1950,Donald
MALE,1950,Ronald
MALE,1950,Kenneth
MALE,1950,Paul
MALE,1950,Larry
MALE,1950,Daniel
MALE,1950,Stephen
MALE,1950,Dennis
MALE,1950,Timothy
MALE,1950,Edward
MALE,1950,Jeffrey
MALE,1950,George
MALE,1950,Gregory
MALE,1950,Kevin
MALE,1950,Douglas
MALE,1950,Terry
MALE,1950,Anthony
MALE,1950,Jerry
MALE,1950,Bruce
MALE,1950,Randy
MALE,1950,Brian
MALE,1950,Frank
MALE,1950,Scott
MALE,1950,Roger
MALE,1950,Raymond
MALE,1950,Peter
MALE,1950,Patrick
MALE,1950,Keith
MALE,1950,Lawrence
MALE,1950,Wayne
MALE,1950,Danny
MALE,1950,Alan
MALE,1950,Gerald
MALE,1950,Ricky
MALE,1950,Carl
MALE,1950,Christopher
MALE,1950,Dale
MALE,1950,Walter
MALE,1950,Craig
MALE,1950,Willie
MALE,1950,Johnny
MALE,1950,Arthur
MALE,1950,Steve
MALE,1950,Joe
MALE,1950,Randall
MALE,1950,Jack
MALE,1950,Russell
MALE,1950,Henry
MALE,1950,Harold
MALE,1950,Roy
MALE,1950,Andrew
MALE,1950,Philip
MALE,1950,Ralph
MALE,1950,Billy
MALE,1950,Glenn
MALE,1950,Stanley
MALE,1950,Jimmy
MALE,1950,Rodney
MALE,1950,Barry
MALE,1950,Samuel
MALE,1950,Eric
MALE,1950,Bobby
MALE,1950,Albert
MALE,1950,Phillip
MALE,1950,Ronnie
MALE,1950,Martin
MALE,1950,Mike
MALE,1950,Eugene
MALE,1950,Louis
MALE,1950,Howard
MALE,1950,Allen
MALE,1950,Curtis
MALE,1950,Jeffery
MALE,1950,Frederick
MALE,1950,Leonard
MALE,1950,Harry
MALE,1950,Micheal
MALE,1950,Tony
MALE,1950,Ernest
MALE,1950,Eddie
MALE,1950,Fred
MALE,1950,Darrell
MALE,1950,Jay
MALE,1950,Melvin
MALE,1950,Matthew
MALE,1950,Lee
MALE,1950,Vincent
MALE,1950,Tommy
MALE,1950,Francis
MALE,1950,Marvin
MALE,1950,Dean
MALE,1950,Rick
MALE,1950,Victor
MALE,1950,Norman
MALE,1950,Earl
MALE,1950,Jose
MALE,1950,Calvin
MALE,1950,Ray
MALE,1950,Clifford
MALE,1950,Alfred
MALE,1950,Jerome
MALE,1950,Bradley
MALE,1950,Clarence
MALE,1950,Don
MALE,1950,Theodore
MALE,1950,Jon
MALE,1950,Rickey
MALE,1950,Joel
MALE,1950,Jesse
MALE,1950,Jim
MALE,1950,Edwin
MALE,1950,Dan
MALE,1950,Bernard
MALE,1950,Chris
MALE,1950,Jonathan
MALE,1950,Gordon
MALE,1950,Glen
MALE,1950,Jeff
MALE,1950,Warren
MALE,1950,Leroy
MALE,1950,Herbert
MALE,1950,Duane
MALE,1950,Bill
MALE,1950,Benjamin
MALE,1950,Tom
MALE,1950,Alvin
MALE,1950,Nicholas
MALE,1950,Tim
MALE,1950,Mitchell
MALE,1950,Marc
MALE,1950,Leslie
MALE,1950,Leon
MALE,1950,Kim
MALE,1950,Dwight
MALE,1950,Bryan
MALE,1950,Lloyd
MALE,1950,Vernon
MALE,1950,Gene
MALE,1950,Reginald
MALE,1950,Lonnie
MALE,1950,Guy
MALE,1950,Gilbert
MALE,1950,Garry
MALE,1950,Juan
MALE,1950,Karl
MALE,1950,Kent
MALE,1950,Kurt
MALE,1950,Todd
MALE,1950,Jackie
MALE,1950,Greg
MALE,1950,Lewis
MALE,1950,Wesley
MALE,1950,Clyde
MALE,1950,Floyd
MALE,1950,Neil
MALE,1950,Allan
MALE,1950,Donnie
MALE,1950,Perry
MALE,1950,Franklin
MALE,1950,Lester
MALE,1950,Brad
MALE,1950,Manuel
MALE,1950,Kirk
MALE,1950,Carlos
MALE,1950,Leo
MALE,1950,Jimmie
MALE,1950,Randolph
MALE,1950,Charlie
MALE,1950,Robin
MALE,1950,Dana
MALE,1950,Darryl
MALE,1950,Dave
MALE,1950,Ted
MALE,1950,Milton
MALE,1950,Daryl
MALE,1950,Kerry
MALE,1950,Freddie
MALE,1950,Brent
MALE,1950,Harvey
MALE,1950,Gerard
MALE,1950,Stuart
MALE,1950,Johnnie
MALE,1950,Herman
MALE,1950,Lynn
MALE,1950,Rex
MALE,1950,Arnold
MALE,1950,Kelly
MALE,1960,Michael
MALE,1960,David
MALE,1960,John
MALE,1960,James
MALE,1960,Robert
MALE,1960,Mark
MALE,1960,William
MALE,1960,Richard
MALE,1960,Thomas
MALE,1960,Jeffrey
MALE,1960,Steven
MALE,1960,Joseph
MALE,1960,Timothy
MALE,1960,Kevin
MALE,1960,Scott
MALE,1960,Brian
MALE,1960,Charles
MALE,1960,Paul
MALE,1960,Daniel
MALE,1960,Christopher
MALE,1960,Kenneth
MALE,1960,Anthony
MALE,1960,Gregory
MALE,1960,Ronald
MALE,1960,Donald
MALE,1960,Gary
MALE,1960,Stephen
MALE,1960,Eric
MALE,1960,Edward
MALE,1960,Douglas
MALE,1960,Todd
MALE,1960,Patrick
MALE,1960,George
MALE,1960,Keith
MALE,1960,Larry
MALE,1960,Matthew
MALE,1960,Terry
MALE,1960,Andrew
MALE,1960,Dennis
MALE,1960,Randy
MALE,1960,Jerry
MALE,1960,Peter
MALE,1960,Frank
MALE,1960,Craig
MALE,1960,Raymond
MALE,1960,Jeffery
MALE,1960,Bruce
MALE,1960,Rodney
MALE,1960,Mike
MALE,1960,Roger
MALE,1960,Tony
MALE,1960,Ricky
MALE,1960,Steve
MALE,1960,Jeff
MALE,1960,Troy
MALE,1960,Alan
MALE,1960,Carl
MALE,1960,Danny
MALE,1960,Russell
MALE,1960,Chris
MALE,1960,Bryan
MALE,1960,Gerald
MALE,1960,Wayne
MALE,1960,Joe
MALE,1960,Randall
MALE,1960,Lawrence
MALE,1960,Dale
MALE,1960,Phillip
MALE,1960,Johnny
MALE,1960,Vincent
MALE,1960,Martin
MALE,1960,Bradley
MALE,1960,Billy
MALE,1960,Glenn
MALE,1960,Shawn
MALE,1960,Jonathan
MALE,1960,Jimmy
MALE,1960,Sean
MALE,1960,Curtis
MALE,1960,Barry
MALE,1960,Bobby
MALE,1960,Walter
MALE,1960,Jon
MALE,1960,Philip
MALE,1960,Samuel
MALE,1960,Jay
MALE,1960,Jason
MALE,1960,Dean
MALE,1960,Jose
MALE,1960,Tim
MALE,1960,Roy
MALE,1960,Willie
MALE,1960,Arthur
MALE,1960,Darryl
MALE,1960,Henry
MALE,1960,Darrell
MALE,1960,Allen
MALE,1960,Victor
MALE,1960,Harold
MALE,1960,Greg
MALE,1960,Albert
MALE,1960,Jack
MALE,1960,Darren
MALE,1960,Ronnie
MALE,1960,Ralph
MALE,1960,Joel
MALE,1960,Louis
MALE,1960,Jim
MALE,1960,Micheal
MALE,1960,Marc
MALE,1960,Frederick
MALE,1960,Eddie
MALE,1960,Lee
MALE,1960,Stanley
MALE,1960,Tommy
MALE,1960,Eugene
MALE,1960,Tom
MALE,1960,Tracy
MALE,1960,Howard
MALE,1960,Leonard
MALE,1960,Kurt
MALE,1960,Marvin
MALE,1960,Kelly
MALE,1960,Brent
MALE,1960,Ernest
MALE,1960,Dwayne
MALE,1960,Aaron
MALE,1960,Brett
MALE,1960,Rick
MALE,1960,Benjamin
MALE,1960,Bill
MALE,1960,Reginald
MALE,1960,Duane
MALE,1960,Juan
MALE,1960,Fred
MALE,1960,Melvin
MALE,1960,Adam
MALE,1960,Norman
MALE,1960,Dan
MALE,1960,Mitchell
MALE,1960,Harry
MALE,1960,Jesse
MALE,1960,Nicholas
MALE,1960,Carlos
MALE,1960,Jerome
MALE,1960,Kirk
MALE,1960,Ray
MALE,1960,Don
MALE,1960,Calvin
MALE,1960,Glen
MALE,1960,Brad
MALE,1960,Theodore
MALE,1960,Karl
MALE,1960,Derrick
MALE,1960,Edwin
MALE,1960,Earl
MALE,1960,Lance
MALE,1960,Francis
MALE,1960,Clifford
MALE,1960,Kent
MALE,1960,Derek
MALE,1960,Wesley
MALE,1960,Alfred
MALE,1960,Antonio
MALE,1960,Warren
MALE,1960,Andre
MALE,1960,Clarence
MALE,1960,Bernard
MALE,1960,Kyle
MALE,1960,Tyrone
MALE,1960,Manuel
MALE,1960,Chad
MALE,1960,Luis
MALE,1960,Gordon
MALE,1960,Dave
MALE,1960,Nathan
MALE,1960,Guy
MALE,1960,Kerry
MALE,1960,Daryl
MALE,1960,Leroy
MALE,1960,Perry
MALE,1960,Lonnie
MALE,1960,Erik
MALE,1960,Maurice
MALE,1960,Marcus
MALE,1960,Alvin
MALE,1960,Gilbert
MALE,1960,Vernon
MALE,1960,Alexander
MALE,1960,Stuart
MALE,1960,Shane
MALE,1960,Rickey
MALE,1960,Franklin
MALE,1960,Leon
MALE,1960,Gregg
MALE,1960,Bob
MALE,1960,Darin
MALE,1960,Leslie
MALE,1960,Gene
MALE,1960,Herbert
MALE,1970,Michael
MALE,1970,Christopher
MALE,1970,Jason
MALE,1970,David
MALE,1970,James
MALE,1970,John
MALE,1970,Robert
MALE,1970,Brian
MALE,1970,William
MALE,1970,Matthew
MALE,1970,Joseph
MALE,1970,Daniel
MALE,1970,Kevin
MALE,1970,Eric
MALE,1970,Jeffrey
MALE,1970,Richard
MALE,1970,Scott
MALE,1970,Mark
MALE,1970,Steven
MALE,1970,Thomas
MALE,1970,Timothy
MALE,1970,Anthony
MALE,1970,Charles
MALE,1970,Joshua
MALE,1970,Ryan
MALE,1970,Jeremy
MALE,1970,Paul
MALE,1970,Andrew
MALE,1970,Gregory
MALE,1970,Chad
MALE,1970,Kenneth
MALE,1970,Jonathan
MALE,1970,Stephen
MALE,1970,Shawn
MALE,1970,Aaron
MALE,1970,Adam
MALE,1970,Patrick
MALE,1970,Justin
MALE,1970,Sean
MALE,1970,Edward
MALE,1970,Todd
MALE,1970,Donald
MALE,1970,Ronald
MALE,1970,Benjamin
MALE,1970,Keith
MALE,1970,Bryan
MALE,1970,Gary
MALE,1970,Jose
MALE,1970,Nathan
MALE,1970,Douglas
MALE,1970,Brandon
MALE,1970,Nicholas
MALE,1970,George
MALE,1970,Travis
MALE,1970,Peter
MALE,1970,Craig
MALE,1970,Bradley
MALE,1970,Larry
MALE,1970,Dennis
MALE,1970,Shane
MALE,1970,Raymond
MALE,1970,Troy
MALE,1970,Jerry
MALE,1970,Samuel
MALE,1970,Frank
MALE,1970,Jesse
MALE,1970,Jeffery
MALE,1970,Juan
MALE,1970,Terry
MALE,1970,Corey
MALE,1970,Phillip
MALE,1970,Marcus
MALE,1970,Derek
MALE,1970,Rodney
MALE,1970,Joel
MALE,1970,Carlos
MALE,1970,Randy
MALE,1970,Jacob
MALE,1970,Jamie
MALE,1970,Tony
MALE,1970,Russell
MALE,1970,Brent
MALE,1970,Antonio
MALE,1970,Billy
MALE,1970,Derrick
MALE,1970,Kyle
MALE,1970,Erik
MALE,1970,Johnny
MALE,1970,Marc
MALE,1970,Carl
MALE,1970,Philip
MALE,1970,Roger
MALE,1970,Bobby
MALE,1970,Brett
MALE,1970,Danny
MALE,1970,Curtis
MALE,1970,Jon
MALE,1970,Vincent
MALE,1970,Cory
MALE,1970,Jimmy
MALE,1970,Victor
MALE,1970,Lawrence
MALE,1970,Dustin
MALE,1970,Gerald
MALE,1970,Walter
MALE,1970,Alexander
MALE,1970,Joe
MALE,1970,Christian
MALE,1970,Chris
MALE,1970,Alan
MALE,1970,Shannon
MALE,1970,Wayne
MALE,1970,Jared
MALE,1970,Gabriel
MALE,1970,Martin
MALE,1970,Jay
MALE,1970,Luis
MALE,1970,Willie
MALE,1970,Micheal
MALE,1970,Henry
MALE,1970,Wesley
MALE,1970,Randall
MALE,1970,Brad
MALE,1970,Darren
MALE,1970,Roy
MALE,1970,Albert
MALE,1970,Arthur
MALE,1970,Ricky
MALE,1970,Lance
MALE,1970,Allen
MALE,1970,Lee
MALE,1970,Bruce
MALE,1970,Andre
MALE,1970,Mario
MALE,1970,Frederick
MALE,1970,Louis
MALE,1970,Darrell
MALE,1970,Damon
MALE,1970,Shaun
MALE,1970,Nathaniel
MALE,1970,Zachary
MALE,1970,Casey
MALE,1970,Adrian
MALE,1970,Jesus
MALE,1970,Jeremiah
MALE,1970,Jack
MALE,1970,Ronnie
MALE,1970,Dale
MALE,1970,Tyrone
MALE,1970,Manuel
MALE,1970,Ricardo
MALE,1970,Harold
MALE,1970,Kelly
MALE,1970,Barry
MALE,1970,Ian
MALE,1970,Reginald
MALE,1970,Glenn
MALE,1970,Ernest
MALE,1970,Steve
MALE,1970,Seth
MALE,1970,Eugene
MALE,1970,Clinton
MALE,1970,Miguel
MALE,1970,Tommy
MALE,1970,Eddie
MALE,1970,Leonard
MALE,1970,Maurice
MALE,1970,Roberto
MALE,1970,Dwayne
MALE,1970,Jerome
MALE,1970,Ralph
MALE,1970,Marvin
MALE,1970,Francisco
MALE,1970,Jorge
MALE,1970,Neil
MALE,1970,Alex
MALE,1970,Dean
MALE,1970,Kristopher
MALE,1970,Calvin
MALE,1970,Kurt
MALE,1970,Theodore
MALE,1970,Ruben
MALE,1970,Jermaine
MALE,1970,Tracy
MALE,1970,Edwin
MALE,1970,Stanley
MALE,1970,Melvin
MALE,1970,Howard
MALE,1970,Mitchell
MALE,1970,Duane
MALE,1970,Trevor
MALE,1970,Jeff
MALE,1970,Geoffrey
MALE,1970,Hector
MALE,1970,Terrence
MALE,1970,Terrance
MALE,1970,Oscar
MALE,1970,Jaime
MALE,1970,Clifford
MALE,1970,Harry
MALE,1980,Michael
MALE,1980,Christopher
MALE,1980,Matthew
MALE,1980,Joshua
MALE,1980,David
MALE,1980,James
MALE,1980,Daniel
MALE,1980,Robert
MALE,1980,John
MALE,1980,Joseph
MALE,1980,Jason
MALE,1980,Justin
MALE,1980,Andrew
MALE,1980,Ryan
MALE,1980,William
MALE,1980,Brian
MALE,1980,Brandon
MALE,1980,Jonathan
MALE,1980,Nicholas
MALE,1980,Anthony
MALE,1980,Eric
MALE,1980,Adam
MALE,1980,Kevin
MALE,1980,Thomas
MALE,1980,Steven
MALE,1980,Timothy
MALE,1980,Richard
MALE,1980,Jeremy
MALE,1980,Jeffrey
MALE,1980,Kyle
MALE,1980,Benjamin
MALE,1980,Aaron
MALE,1980,Charles
MALE,1980,Mark
MALE,1980,Jacob
MALE,1980,Stephen
MALE,1980,Patrick
MALE,1980,Scott
MALE,1980,Nathan
MALE,1980,Paul
MALE,1980,Sean
MALE,1980,Travis
MALE,1980,Zachary
MALE,1980,Dustin
MALE,1980,Gregory
MALE,1980,Kenneth
MALE,1980,Jose
MALE,1980,Tyler
MALE,1980,Jesse
MALE,1980,Alexander
MALE,1980,Bryan
MALE,1980,Samuel
MALE,1980,Derek
MALE,1980,Bradley
MALE,1980,Chad
MALE,1980,Shawn
MALE,1980,Edward
MALE,1980,Jared
MALE,1980,Cody
MALE,1980,Jordan
MALE,1980,Peter
MALE,1980,Corey
MALE,1980,Keith
MALE,1980,Marcus
MALE,1980,Juan
MALE,1980,Donald
MALE,1980,Ronald
MALE,1980,Phillip
MALE,1980,George
MALE,1980,Cory
MALE,1980,Joel
MALE,1980,Shane
MALE,1980,Douglas
MALE,1980,Antonio
MALE,1980,Raymond
MALE,1980,Carlos
MALE,1980,Brett
MALE,1980,Gary
MALE,1980,Alex
MALE,1980,Nathaniel
MALE,1980,Craig
MALE,1980,Ian
MALE,1980,Luis
MALE,1980,Derrick
MALE,1980,Erik
MALE,1980,Casey
MALE,1980,Philip
MALE,1980,Frank
MALE,1980,Evan
MALE,1980,Gabriel
MALE,1980,Victor
MALE,1980,Vincent
MALE,1980,Austin
MALE,1980,Larry
MALE,1980,Brent
MALE,1980,Seth
MALE,1980,Wesley
MALE,1980,Dennis
MALE,1980,Todd
MALE,1980,Christian
MALE,1980,Curtis
MALE,1980,Jeffery
MALE,1980,Randy
MALE,1980,Jeremiah
MALE,1980,Adrian
MALE,1980,Jesus
MALE,1980,Luke
MALE,1980,Alan
MALE,1980,Trevor
MALE,1980,Russell
MALE,1980,Mario
MALE,1980,Lucas
MALE,1980,Jerry
MALE,1980,Miguel
MALE,1980,Carl
MALE,1980,Blake
MALE,1980,Cameron
MALE,1980,Mitchell
MALE,1980,Troy
MALE,1980,Tony
MALE,1980,Shaun
MALE,1980,Terry
MALE,1980,Johnny
MALE,1980,Martin
MALE,1980,Ricardo
MALE,1980,Bobby
MALE,1980,Allen
MALE,1980,Johnathan
MALE,1980,Jorge
MALE,1980,Devin
MALE,1980,Andre
MALE,1980,Henry
MALE,1980,Billy
MALE,1980,Caleb
MALE,1980,Marc
MALE,1980,Garrett
MALE,1980,Ricky
MALE,1980,Kristopher
MALE,1980,Francisco
MALE,1980,Danny
MALE,1980,Manuel
MALE,1980,Lee
MALE,1980,Lawrence
MALE,1980,Jonathon
MALE,1980,Jimmy
MALE,1980,Lance
MALE,1980,Taylor
MALE,1980,Randall
MALE,1980,Micheal
MALE,1980,Mathew
MALE,1980,Albert
MALE,1980,Jamie
MALE,1980,Isaac
MALE,1980,Roger
MALE,1980,Rodney
MALE,1980,Roberto
MALE,1980,Jon
MALE,1980,Colin
MALE,1980,Walter
MALE,1980,Clinton
MALE,1980,Louis
MALE,1980,Clayton
MALE,1980,Willie
MALE,1980,Arthur
MALE,1980,Chase
MALE,1980,Joe
MALE,1980,Jack
MALE,1980,Jay
MALE,1980,Angel
MALE,1980,Calvin
MALE,1980,Ross
MALE,1980,Darren
MALE,1980,Oscar
MALE,1980,Drew
MALE,1980,Maurice
MALE,1980,Gerald
MALE,1980,Alejandro
MALE,1980,Spencer
MALE,1980,Hector
MALE,1980,Ruben
MALE,1980,Wayne
MALE,1980,Brendan
MALE,1980,Grant
MALE,1980,Javier
MALE,1980,Bruce
MALE,1980,Roy
MALE,1980,Dylan
MALE,1980,Logan
MALE,1980,Edwin
MALE,1980,Omar
MALE,1980,Brad
MALE,1980,Reginald
MALE,1980,Fernando
MALE,1980,Darrell
MALE,1980,Sergio
MALE,1980,Frederick
MALE,1980,Julian
MALE,1980,Jaime
MALE,1980,Jermaine
MALE,1980,Geoffrey
MALE,1990,Michael
MALE,1990,Christopher
MALE,1990,Matthew
MALE,1990,Joshua
MALE,1990,Jacob
MALE,1990,Nicholas
MALE,1990,Andrew
MALE,1990,Daniel
MALE,1990,Tyler
MALE,1990,Joseph
MALE,1990,Brandon
MALE,1990,David
MALE,1990,James
MALE,1990,Ryan
MALE,1990,John
MALE,1990,Zachary
MALE,1990,Justin
MALE,1990,William
MALE,1990,Anthony
MALE,1990,Robert
MALE,1990,Jonathan
MALE,1990,Austin
MALE,1990,Alexander
MALE,1990,Kyle
MALE,1990,Kevin
MALE,1990,Thomas
MALE,1990,Cody
MALE,1990,Jordan
MALE,1990,Eric
MALE,1990,Benjamin
MALE,1990,Aaron
MALE,1990,Christian
MALE,1990,Samuel
MALE,1990,Dylan
MALE,1990,Steven
MALE,1990,Brian
MALE,1990,Jose
MALE,1990,Timothy
MALE,1990,Nathan
MALE,1990,Adam
MALE,1990,Richard
MALE,1990,Patrick
MALE,1990,Charles
MALE,1990,Sean
MALE,1990,Jason
MALE,1990,Cameron
MALE,1990,Jeremy
MALE,1990,Mark
MALE,1990,Stephen
MALE,1990,Jesse
MALE,1990,Juan
MALE,1990,Alex
MALE,1990,Travis
MALE,1990,Jeffrey
MALE,1990,Ethan
MALE,1990,Caleb
MALE,1990,Luis
MALE,1990,Jared
MALE,1990,Logan
MALE,1990,Hunter
MALE,1990,Trevor
MALE,1990,Bryan
MALE,1990,Evan
MALE,1990,Paul
MALE,1990,Taylor
MALE,1990,Kenneth
MALE,1990,Connor
MALE,1990,Dustin
MALE,1990,Noah
MALE,1990,Carlos
MALE,1990,Devin
MALE,1990,Gabriel
MALE,1990,Ian
MALE,1990,Nathaniel
MALE,1990,Gregory
MALE,1990,Derek
MALE,1990,Corey
MALE,1990,Jesus
MALE,1990,Scott
MALE,1990,Bradley
MALE,1990,Dakota
MALE,1990,Antonio
MALE,1990,Marcus
MALE,1990,Blake
MALE,1990,Garrett
MALE,1990,Edward
MALE,1990,Luke
MALE,1990,Shawn
MALE,1990,Peter
MALE,1990,Seth
MALE,1990,Mitchell
MALE,1990,Adrian
MALE,1990,Victor
MALE,1990,Miguel
MALE,1990,Shane
MALE,1990,Chase
MALE,1990,Isaac
MALE,1990,Spencer
MALE,1990,Lucas
MALE,1990,Jack
MALE,1990,Tanner
MALE,1990,Angel
MALE,1990,Vincent
MALE,1990,Isaiah
MALE,1990,Dalton
MALE,1990,Brett
MALE,1990,George
MALE,1990,Alejandro
MALE,1990,Elijah
MALE,1990,Cory
MALE,1990,Cole
MALE,1990,Joel
MALE,1990,Erik
MALE,1990,Jake
MALE,1990,Mason
MALE,1990,Jorge
MALE,1990,Dillon
MALE,1990,Raymond
MALE,1990,Colton
MALE,1990,Ricardo
MALE,1990,Casey
MALE,1990,Francisco
MALE,1990,Brendan
MALE,1990,Devon
MALE,1990,Keith
MALE,1990,Colin
MALE,1990,Wesley
MALE,1990,Phillip
MALE,1990,Oscar
MALE,1990,Julian
MALE,1990,Johnathan
MALE,1990,Eduardo
MALE,1990,Chad
MALE,1990,Donald
MALE,1990,Bryce
MALE,1990,Ronald
MALE,1990,Alec
MALE,1990,Dominic
MALE,1990,Grant
MALE,1990,Martin
MALE,1990,Henry
MALE,1990,Mario
MALE,1990,Xavier
MALE,1990,Manuel
MALE,1990,Alan
MALE,1990,Derrick
MALE,1990,Frank
MALE,1990,Tristan
MALE,1990,Collin
MALE,1990,Omar
MALE,1990,Jeremiah
MALE,1990,Jackson
MALE,1990,Troy
MALE,1990,Edgar
MALE,1990,Javier
MALE,1990,Douglas
MALE,1990,Clayton
MALE,1990,Jonathon
MALE,1990,Nicolas
MALE,1990,Andre
MALE,1990,Maxwell
MALE,1990,Ivan
MALE,1990,Philip
MALE,1990,Levi
MALE,1990,Sergio
MALE,1990,Roberto
MALE,1990,Darius
MALE,1990,Andres
MALE,1990,Cristian
MALE,1990,Hector
MALE,1990,Fernando
MALE,1990,Drew
MALE,1990,Curtis
MALE,1990,Gary
MALE,1990,Riley
MALE,1990,Johnny
MALE,1990,Max
MALE,1990,Dennis
MALE,1990,Malik
MALE,1990,Wyatt
MALE,1990,Cesar
MALE,1990,Edwin
MALE,1990,Gavin
MALE,1990,Preston
MALE,1990,Marco
MALE,1990,Ruben
MALE,1990,Allen
MALE,1990,Calvin
MALE,1990,Mathew
MALE,1990,Randy
MALE,1990,Brent
MALE,1990,Jerry
MALE,1990,Hayden
MALE,1990,Alexis
MALE,1990,Brady
MALE,1990,Parker
MALE,1990,Tony
MALE,1990,Pedro
MALE,1990,Craig
MALE,1990,Larry
MALE,2000,Jacob
MALE,2000,Michael
MALE,2000,Joshua
MALE,2000,Matthew
MALE,2000,Daniel
MALE,2000,Christopher
MALE,2000,Andrew
MALE,2000,Ethan
MALE,2000,Joseph
MALE,2000,William
MALE,2000,Anthony
MALE,2000,David
MALE,2000,Alexander
MALE,2000,Nicholas
MALE,2000,Ryan
MALE,2000,Tyler
MALE,2000,James
MALE,2000,John
MALE,2000,Jonathan
MALE,2000,Noah
MALE,2000,Brandon
MALE,2000,Christian
MALE,2000,Dylan
MALE,2000,Samuel
MALE,2000,Benjamin
MALE,2000,Nathan
MALE,2000,Zachary
MALE,2000,Logan
MALE,2000,Justin
MALE,2000,Gabriel
MALE,2000,Jose
MALE,2000,Austin
MALE,2000,Kevin
MALE,2000,Elijah
MALE,2000,Caleb
MALE,2000,Robert
MALE,2000,Thomas
MALE,2000,Jordan
MALE,2000,Cameron
MALE,2000,Jack
MALE,2000,Hunter
MALE,2000,Jackson
MALE,2000,Angel
MALE,2000,Isaiah
MALE,2000,Evan
MALE,2000,Isaac
MALE,2000,Luke
MALE,2000,Mason
MALE,2000,Jason
MALE,2000,Jayden
MALE,2000,Gavin
MALE,2000,Aaron
MALE,2000,Connor
MALE,2000,Aiden
MALE,2000,Aidan
MALE,2000,Kyle
MALE,2000,Juan
MALE,2000,Charles
MALE,2000,Luis
MALE,2000,Adam
MALE,2000,Lucas
MALE,2000,Brian
MALE,2000,Eric
MALE,2000,Adrian
MALE,2000,Nathaniel
MALE,2000,Sean
MALE,2000,Alex
MALE,2000,Carlos
MALE,2000,Ian
MALE,2000,Bryan
MALE,2000,Owen
MALE,2000,Jesus
MALE,2000,Landon
MALE,2000,Julian
MALE,2000,Chase
MALE,2000,Cole
MALE,2000,Diego
MALE,2000,Jeremiah
MALE,2000,Steven
MALE,2000,Sebastian
MALE,2000,Xavier
MALE,2000,Timothy
MALE,2000,Carter
MALE,2000,Wyatt
MALE,2000,Brayden
MALE,2000,Blake
MALE,2000,Hayden
MALE,2000,Devin
MALE,2000,Cody
MALE,2000,Richard
MALE,2000,Seth
MALE,2000,Dominic
MALE,2000,Jaden
MALE,2000,Antonio
MALE,2000,Miguel
MALE,2000,Liam
MALE,2000,Patrick
MALE,2000,Carson
MALE,2000,Jesse
MALE,2000,Tristan
MALE,2000,Alejandro
MALE,2000,Henry
MALE,2000,Victor
MALE,2000,Trevor
MALE,2000,Bryce
MALE,2000,Jake
MALE,2000,Riley
MALE,2000,Colin
MALE,2000,Jared
MALE,2000,Jeremy
MALE,2000,Mark
MALE,2000,Caden
MALE,2000,Garrett
MALE,2000,Parker
MALE,2000,Marcus
MALE,2000,Vincent
MALE,2000,Kaleb
MALE,2000,Kaden
MALE,2000,Brady
MALE,2000,Colton
MALE,2000,Kenneth
MALE,2000,Joel
MALE,2000,Oscar
MALE,2000,Josiah
MALE,2000,Jorge
MALE,2000,Cooper
MALE,2000,Ashton
MALE,2000,Tanner
MALE,2000,Eduardo
MALE,2000,Paul
MALE,2000,Edward
MALE,2000,Ivan
MALE,2000,Preston
MALE,2000,Maxwell
MALE,2000,Alan
MALE,2000,Levi
MALE,2000,Stephen
MALE,2000,Grant
MALE,2000,Nicolas
MALE,2000,Omar
MALE,2000,Dakota
MALE,2000,Alexis
MALE,2000,George
MALE,2000,Collin
MALE,2000,Eli
MALE,2000,Spencer
MALE,2000,Gage
MALE,2000,Max
MALE,2000,Cristian
MALE,2000,Ricardo
MALE,2000,Derek
MALE,2000,Micah
MALE,2000,Brody
MALE,2000,Francisco
MALE,2000,Nolan
MALE,2000,Ayden
MALE,2000,Dalton
MALE,2000,Shane
MALE,2000,Peter
MALE,2000,Damian
MALE,2000,Jeffrey
MALE,2000,Brendan
MALE,2000,Travis
MALE,2000,Fernando
MALE,2000,Peyton
MALE,2000,Conner
MALE,2000,Andres
MALE,2000,Javier
MALE,2000,Giovanni
MALE,2000,Shawn
MALE,2000,Braden
MALE,2000,Jonah
MALE,2000,Bradley
MALE,2000,Cesar
MALE,2000,Emmanuel
MALE,2000,Manuel
MALE,2000,Edgar
MALE,2000,Mario
MALE,2000,Erik
MALE,2000,Edwin
MALE,2000,Johnathan
MALE,2000,Devon
MALE,2000,Erick
MALE,2000,Wesley
MALE,2000,Oliver
MALE,2000,Trenton
MALE,2000,Hector
MALE,2000,Malachi
MALE,2000,Jalen
MALE,2000,Raymond
MALE,2000,Gregory
MALE,2000,Abraham
MALE,2000,Elias
MALE,2000,Leonardo
MALE,2000,Sergio
MALE,2000,Donovan
MALE,2000,Colby
MALE,2000,Marco
MALE,2000,Bryson
MALE,2000,Martin